site,ym,year,month,Y_total,Y_MC_related,Y_MC_MC,Y_MC_involved,Y_fourplus_related,Y_fourplus_involved,is_treated,is_experimented,pair_id,IsYr110,IsYr111,IsYr112,IsYr113,IsYr114,IsMonth2,IsMonth3,IsMonth4,IsMonth5,IsMonth6,IsMonth7,IsMonth8,IsMonth9,IsMonth10,IsMonth11,IsMonth12
新營圓環,109-01,109,1,1,0,0,0,1,1,0,0,1,0,0,0,0,0,0,0,0,0,0,0,0,0,0,0,0
新營圓環,109-02,109,2,1,1,0,1,1,1,0,0,1,0,0,0,0,0,1,0,0,0,0,0,0,0,0,0,0
新營圓環,109-03,109,3,0,0,0,0,0,0,0,0,1,0,0,0,0,0,0,1,0,0,0,0,0,0,0,0,0
新營圓環,109-04,109,4,0,0,0,0,0,0,0,0,1,0,0,0,0,0,0,0,1,0,0,0,0,0,0,0,0
新營圓環,109-05,109,5,0,0,0,0,0,0,0,0,1,0,0,0,0,0,0,0,0,1,0,0,0,0,0,0,0
新營圓環,109-06,109,6,0,0,0,0,0,0,0,0,1,0,0,0,0,0,0,0,0,0,1,0,0,0,0,0,0
新營圓環,109-07,109,7,1,1,0,1,1,1,0,0,1,0,0,0,0,0,0,0,0,0,0,1,0,0,0,0,0
新營圓環,109-08,109,8,0,0,0,0,0,0,0,0,1,0,0,0,0,0,0,0,0,0,0,0,1,0,0,0,0
新營圓環,109-09,109,9,2,0,0,0,2,2,0,0,1,0,0,0,0,0,0,0,0,0,0,0,0,1,0,0,0
新營圓環,109-10,109,10,1,1,0,1,1,1,0,0,1,0,0,0,0,0,0,0,0,0,0,0,0,0,1,0,0
新營圓環,109-11,109,11,3,3,1,3,2,2,0,0,1,0,0,0,0,0,0,0,0,0,0,0,0,0,0,1,0
新營圓環,109-12,109,12,0,0,0,0,0,0,0,0,1,0,0,0,0,0,0,0,0,0,0,0,0,0,0,0,1
新營圓環,110-01,110,1,0,0,0,0,0,0,0,0,1,1,0,0,0,0,0,0,0,0,0,0,0,0,0,0,0
新營圓環,110-02,110,2,0,0,0,0,0,0,0,0,1,1,0,0,0,0,1,0,0,0,0,0,0,0,0,0,0
新營圓環,110-03,110,3,0,0,0,0,0,0,0,0,1,1,0,0,0,0,0,1,0,0,0,0,0,0,0,0,0
新營圓環,110-04,110,4,1,1,0,1,1,1,0,0,1,1,0,0,0,0,0,0,1,0,0,0,0,0,0,0,0
新營圓環,110-05,110,5,2,1,0,1,2,2,0,0,1,1,0,0,0,0,0,0,0,1,0,0,0,0,0,0,0
新營圓環,110-06,110,6,0,0,0,0,0,0,0,0,1,1,0,0,0,0,0,0,0,0,1,0,0,0,0,0,0
新營圓環,110-07,110,7,0,0,0,0,0,0,0,0,1,1,0,0,0,0,0,0,0,0,0,1,0,0,0,0,0
新營圓環,110-08,110,8,1,1,0,1,1,1,0,0,1,1,0,0,0,0,0,0,0,0,0,0,1,0,0,0,0
新營圓環,110-09,110,9,3,2,0,2,2,2,0,0,1,1,0,0,0,0,0,0,0,0,0,0,0,1,0,0,0
新營圓環,110-10,110,10,4,3,1,3,2,2,0,0,1,1,0,0,0,0,0,0,0,0,0,0,0,0,1,0,0
新營圓環,110-11,110,11,5,4,3,4,2,2,0,0,1,1,0,0,0,0,0,0,0,0,0,0,0,0,0,1,0
新營圓環,110-12,110,12,1,1,0,1,1,1,0,0,1,1,0,0,0,0,0,0,0,0,0,0,0,0,0,0,1
新營圓環,111-01,111,1,2,2,0,2,2,2,0,0,1,0,1,0,0,0,0,0,0,0,0,0,0,0,0,0,0
新營圓環,111-02,111,2,1,1,1,1,0,0,0,0,1,0,1,0,0,0,1,0,0,0,0,0,0,0,0,0,0
新營圓環,111-03,111,3,0,0,0,0,0,0,0,0,1,0,1,0,0,0,0,1,0,0,0,0,0,0,0,0,0
新營圓環,111-04,111,4,0,0,0,0,0,0,0,0,1,0,1,0,0,0,0,0,1,0,0,0,0,0,0,0,0
新營圓環,111-05,111,5,3,3,0,3,2,2,0,0,1,0,1,0,0,0,0,0,0,1,0,0,0,0,0,0,0
新營圓環,111-06,111,6,0,0,0,0,0,0,0,0,1,0,1,0,0,0,0,0,0,0,1,0,0,0,0,0,0
新營圓環,111-07,111,7,0,0,0,0,0,0,0,0,1,0,1,0,0,0,0,0,0,0,0,1,0,0,0,0,0
新營圓環,111-08,111,8,0,0,0,0,0,0,0,0,1,0,1,0,0,0,0,0,0,0,0,0,1,0,0,0,0
新營圓環,111-09,111,9,0,0,0,0,0,0,0,0,1,0,1,0,0,0,0,0,0,0,0,0,0,1,0,0,0
新營圓環,111-10,111,10,2,1,0,1,1,1,0,0,1,0,1,0,0,0,0,0,0,0,0,0,0,0,1,0,0
新營圓環,111-11,111,11,1,0,0,0,1,1,0,0,1,0,1,0,0,0,0,0,0,0,0,0,0,0,0,1,0
新營圓環,111-12,111,12,3,3,1,3,1,2,0,0,1,0,1,0,0,0,0,0,0,0,0,0,0,0,0,0,1
新營圓環,112-01,112,1,3,3,0,3,2,2,0,0,1,0,0,1,0,0,0,0,0,0,0,0,0,0,0,0,0
新營圓環,112-02,112,2,1,1,0,1,1,1,0,0,1,0,0,1,0,0,1,0,0,0,0,0,0,0,0,0,0
新營圓環,112-03,112,3,2,1,0,1,2,2,0,0,1,0,0,1,0,0,0,1,0,0,0,0,0,0,0,0,0
新營圓環,112-04,112,4,1,0,0,0,1,1,0,0,1,0,0,1,0,0,0,0,1,0,0,0,0,0,0,0,0
新營圓環,112-05,112,5,2,2,0,2,2,2,0,0,1,0,0,1,0,0,0,0,0,1,0,0,0,0,0,0,0
新營圓環,112-06,112,6,0,0,0,0,0,0,0,0,1,0,0,1,0,0,0,0,0,0,1,0,0,0,0,0,0
新營圓環,112-07,112,7,1,1,0,1,1,1,0,0,1,0,0,1,0,0,0,0,0,0,0,1,0,0,0,0,0
新營圓環,112-08,112,8,1,1,0,1,1,1,0,0,1,0,0,1,0,0,0,0,0,0,0,0,1,0,0,0,0
新營圓環,112-09,112,9,5,5,2,5,2,2,0,0,1,0,0,1,0,0,0,0,0,0,0,0,0,1,0,0,0
新營圓環,112-10,112,10,1,0,0,0,1,1,0,0,1,0,0,1,0,0,0,0,0,0,0,0,0,0,1,0,0
新營圓環,112-11,112,11,0,0,0,0,0,0,0,0,1,0,0,1,0,0,0,0,0,0,0,0,0,0,0,1,0
新營圓環,112-12,112,12,0,0,0,0,0,0,0,0,1,0,0,1,0,0,0,0,0,0,0,0,0,0,0,0,1
新營圓環,113-01,113,1,4,3,0,3,4,4,0,0,1,0,0,0,1,0,0,0,0,0,0,0,0,0,0,0,0
新營圓環,113-02,113,2,0,0,0,0,0,0,0,0,1,0,0,0,1,0,1,0,0,0,0,0,0,0,0,0,0
新營圓環,113-03,113,3,2,1,0,1,1,1,0,0,1,0,0,0,1,0,0,1,0,0,0,0,0,0,0,0,0
新營圓環,113-04,113,4,1,1,1,1,0,0,0,0,1,0,0,0,1,0,0,0,1,0,0,0,0,0,0,0,0
新營圓環,113-05,113,5,1,1,0,1,0,1,0,0,1,0,0,0,1,0,0,0,0,1,0,0,0,0,0,0,0
新營圓環,113-06,113,6,0,0,0,0,0,0,0,0,1,0,0,0,1,0,0,0,0,0,1,0,0,0,0,0,0
新營圓環,113-07,113,7,1,1,0,1,1,1,0,0,1,0,0,0,1,0,0,0,0,0,0,1,0,0,0,0,0
新營圓環,113-08,113,8,1,0,0,0,1,1,0,0,1,0,0,0,1,0,0,0,0,0,0,0,1,0,0,0,0
新營圓環,113-09,113,9,2,2,0,2,2,2,0,0,1,0,0,0,1,0,0,0,0,0,0,0,0,1,0,0,0
新營圓環,113-10,113,10,1,1,0,1,1,1,0,0,1,0,0,0,1,0,0,0,0,0,0,0,0,0,1,0,0
新營圓環,113-11,113,11,4,4,1,4,3,3,0,0,1,0,0,0,1,0,0,0,0,0,0,0,0,0,0,1,0
新營圓環,113-12,113,12,2,1,0,1,2,2,0,0,1,0,0,0,1,0,0,0,0,0,0,0,0,0,0,0,1
新營圓環,114-01,114,1,2,1,1,1,1,1,0,0,1,0,0,0,0,1,0,0,0,0,0,0,0,0,0,0,0
新營圓環,114-02,114,2,1,1,0,1,1,1,0,0,1,0,0,0,0,1,1,0,0,0,0,0,0,0,0,0,0
新營圓環,114-03,114,3,4,3,1,3,3,3,0,0,1,0,0,0,0,1,0,1,0,0,0,0,0,0,0,0,0
新營圓環,114-04,114,4,0,0,0,0,0,0,0,0,1,0,0,0,0,1,0,0,1,0,0,0,0,0,0,0,0
新營圓環,114-05,114,5,4,4,2,4,2,2,0,0,1,0,0,0,0,1,0,0,0,1,0,0,0,0,0,0,0
新營圓環,114-06,114,6,3,3,0,3,2,2,0,0,1,0,0,0,0,1,0,0,0,0,1,0,0,0,0,0,0
新營圓環,114-07,114,7,0,0,0,0,0,0,0,0,1,0,0,0,0,1,0,0,0,0,0,1,0,0,0,0,0
新營圓環,114-08,114,8,2,2,1,2,1,1,0,0,1,0,0,0,0,1,0,0,0,0,0,0,1,0,0,0,0
新營圓環,114-09,114,9,1,1,0,1,1,1,0,0,1,0,0,0,0,1,0,0,0,0,0,0,0,1,0,0,0
新營圓環,114-10,114,10,3,2,0,2,2,2,0,0,1,0,0,0,0,1,0,0,0,0,0,0,0,0,1,0,0
潮州燒冷冰圓環,109-01,109,1,5,5,1,5,4,4,0,1,1,0,0,0,0,0,0,0,0,0,0,0,0,0,0,0,0
潮州燒冷冰圓環,109-02,109,2,1,1,0,1,1,1,0,1,1,0,0,0,0,0,1,0,0,0,0,0,0,0,0,0,0
潮州燒冷冰圓環,109-03,109,3,4,4,1,4,3,3,0,1,1,0,0,0,0,0,0,1,0,0,0,0,0,0,0,0,0
潮州燒冷冰圓環,109-04,109,4,2,2,0,2,2,2,0,1,1,0,0,0,0,0,0,0,1,0,0,0,0,0,0,0,0
潮州燒冷冰圓環,109-05,109,5,2,2,0,2,2,2,0,1,1,0,0,0,0,0,0,0,0,1,0,0,0,0,0,0,0
潮州燒冷冰圓環,109-06,109,6,1,1,0,1,1,1,0,1,1,0,0,0,0,0,0,0,0,0,1,0,0,0,0,0,0
潮州燒冷冰圓環,109-07,109,7,1,1,0,1,1,1,0,1,1,0,0,0,0,0,0,0,0,0,0,1,0,0,0,0,0
潮州燒冷冰圓環,109-08,109,8,2,1,0,2,1,1,0,1,1,0,0,0,0,0,0,0,0,0,0,0,1,0,0,0,0
潮州燒冷冰圓環,109-09,109,9,3,3,1,3,2,3,0,1,1,0,0,0,0,0,0,0,0,0,0,0,0,1,0,0,0
潮州燒冷冰圓環,109-10,109,10,1,1,0,1,1,1,0,1,1,0,0,0,0,0,0,0,0,0,0,0,0,0,1,0,0
潮州燒冷冰圓環,109-11,109,11,3,3,0,3,2,2,0,1,1,0,0,0,0,0,0,0,0,0,0,0,0,0,0,1,0
潮州燒冷冰圓環,109-12,109,12,2,1,0,1,2,2,0,1,1,0,0,0,0,0,0,0,0,0,0,0,0,0,0,0,1
潮州燒冷冰圓環,110-01,110,1,7,6,1,6,6,6,0,1,1,1,0,0,0,0,0,0,0,0,0,0,0,0,0,0,0
潮州燒冷冰圓環,110-02,110,2,1,0,0,0,1,1,0,1,1,1,0,0,0,0,1,0,0,0,0,0,0,0,0,0,0
潮州燒冷冰圓環,110-03,110,3,1,1,0,1,1,1,0,1,1,1,0,0,0,0,0,1,0,0,0,0,0,0,0,0,0
潮州燒冷冰圓環,110-04,110,4,3,3,0,3,3,3,0,1,1,1,0,0,0,0,0,0,1,0,0,0,0,0,0,0,0
潮州燒冷冰圓環,110-05,110,5,1,1,0,1,1,1,0,1,1,1,0,0,0,0,0,0,0,1,0,0,0,0,0,0,0
潮州燒冷冰圓環,110-06,110,6,2,2,0,2,2,2,0,1,1,1,0,0,0,0,0,0,0,0,1,0,0,0,0,0,0
潮州燒冷冰圓環,110-07,110,7,4,4,0,4,3,3,0,1,1,1,0,0,0,0,0,0,0,0,0,1,0,0,0,0,0
潮州燒冷冰圓環,110-08,110,8,1,1,0,1,1,1,0,1,1,1,0,0,0,0,0,0,0,0,0,0,1,0,0,0,0
潮州燒冷冰圓環,110-09,110,9,3,3,1,3,2,2,0,1,1,1,0,0,0,0,0,0,0,0,0,0,0,1,0,0,0
潮州燒冷冰圓環,110-10,110,10,1,1,1,1,0,0,0,1,1,1,0,0,0,0,0,0,0,0,0,0,0,0,1,0,0
潮州燒冷冰圓環,110-11,110,11,1,1,1,1,0,0,0,1,1,1,0,0,0,0,0,0,0,0,0,0,0,0,0,1,0
潮州燒冷冰圓環,110-12,110,12,3,3,1,3,2,2,0,1,1,1,0,0,0,0,0,0,0,0,0,0,0,0,0,0,1
潮州燒冷冰圓環,111-01,111,1,2,2,0,2,2,2,0,1,1,0,1,0,0,0,0,0,0,0,0,0,0,0,0,0,0
潮州燒冷冰圓環,111-02,111,2,2,2,0,2,2,2,0,1,1,0,1,0,0,0,1,0,0,0,0,0,0,0,0,0,0
潮州燒冷冰圓環,111-03,111,3,4,4,2,4,2,2,0,1,1,0,1,0,0,0,0,1,0,0,0,0,0,0,0,0,0
潮州燒冷冰圓環,111-04,111,4,3,3,1,3,2,2,0,1,1,0,1,0,0,0,0,0,1,0,0,0,0,0,0,0,0
潮州燒冷冰圓環,111-05,111,5,2,2,0,2,2,2,0,1,1,0,1,0,0,0,0,0,0,1,0,0,0,0,0,0,0
潮州燒冷冰圓環,111-06,111,6,3,3,2,3,1,1,0,1,1,0,1,0,0,0,0,0,0,0,1,0,0,0,0,0,0
潮州燒冷冰圓環,111-07,111,7,2,2,0,2,2,2,0,1,1,0,1,0,0,0,0,0,0,0,0,1,0,0,0,0,0
潮州燒冷冰圓環,111-08,111,8,1,1,1,1,0,0,0,1,1,0,1,0,0,0,0,0,0,0,0,0,1,0,0,0,0
潮州燒冷冰圓環,111-09,111,9,3,2,0,2,2,2,0,1,1,0,1,0,0,0,0,0,0,0,0,0,0,1,0,0,0
潮州燒冷冰圓環,111-10,111,10,3,2,0,2,3,3,0,1,1,0,1,0,0,0,0,0,0,0,0,0,0,0,1,0,0
潮州燒冷冰圓環,111-11,111,11,2,2,0,2,1,1,0,1,1,0,1,0,0,0,0,0,0,0,0,0,0,0,0,1,0
潮州燒冷冰圓環,111-12,111,12,4,3,2,3,1,1,0,1,1,0,1,0,0,0,0,0,0,0,0,0,0,0,0,0,1
潮州燒冷冰圓環,112-01,112,1,5,5,1,5,4,4,0,1,1,0,0,1,0,0,0,0,0,0,0,0,0,0,0,0,0
潮州燒冷冰圓環,112-02,112,2,4,3,0,4,3,3,0,1,1,0,0,1,0,0,1,0,0,0,0,0,0,0,0,0,0
潮州燒冷冰圓環,112-03,112,3,4,3,1,3,2,2,0,1,1,0,0,1,0,0,0,1,0,0,0,0,0,0,0,0,0
潮州燒冷冰圓環,112-08,112,8,3,3,0,3,3,3,1,1,1,0,0,1,0,0,0,0,0,0,0,0,1,0,0,0,0
潮州燒冷冰圓環,112-09,112,9,4,3,1,3,3,3,1,1,1,0,0,1,0,0,0,0,0,0,0,0,0,1,0,0,0
潮州燒冷冰圓環,112-10,112,10,1,1,1,1,0,0,1,1,1,0,0,1,0,0,0,0,0,0,0,0,0,0,1,0,0
潮州燒冷冰圓環,112-11,112,11,0,0,0,0,0,0,1,1,1,0,0,1,0,0,0,0,0,0,0,0,0,0,0,1,0
潮州燒冷冰圓環,112-12,112,12,3,3,0,3,2,2,1,1,1,0,0,1,0,0,0,0,0,0,0,0,0,0,0,0,1
潮州燒冷冰圓環,113-01,113,1,3,2,0,2,2,2,1,1,1,0,0,0,1,0,0,0,0,0,0,0,0,0,0,0,0
潮州燒冷冰圓環,113-02,113,2,0,0,0,0,0,0,1,1,1,0,0,0,1,0,1,0,0,0,0,0,0,0,0,0,0
潮州燒冷冰圓環,113-03,113,3,4,3,2,3,1,1,1,1,1,0,0,0,1,0,0,1,0,0,0,0,0,0,0,0,0
潮州燒冷冰圓環,113-04,113,4,1,1,0,1,1,1,1,1,1,0,0,0,1,0,0,0,1,0,0,0,0,0,0,0,0
潮州燒冷冰圓環,113-05,113,5,0,0,0,0,0,0,1,1,1,0,0,0,1,0,0,0,0,1,0,0,0,0,0,0,0
潮州燒冷冰圓環,113-06,113,6,4,4,0,4,4,4,1,1,1,0,0,0,1,0,0,0,0,0,1,0,0,0,0,0,0
潮州燒冷冰圓環,113-07,113,7,1,0,0,0,1,1,1,1,1,0,0,0,1,0,0,0,0,0,0,1,0,0,0,0,0
潮州燒冷冰圓環,113-08,113,8,1,1,0,1,0,0,1,1,1,0,0,0,1,0,0,0,0,0,0,0,1,0,0,0,0
潮州燒冷冰圓環,113-09,113,9,3,2,0,2,2,2,1,1,1,0,0,0,1,0,0,0,0,0,0,0,0,1,0,0,0
潮州燒冷冰圓環,113-10,113,10,1,1,1,1,0,0,1,1,1,0,0,0,1,0,0,0,0,0,0,0,0,0,1,0,0
潮州燒冷冰圓環,113-11,113,11,2,1,0,1,1,1,1,1,1,0,0,0,1,0,0,0,0,0,0,0,0,0,0,1,0
潮州燒冷冰圓環,113-12,113,12,1,1,0,1,1,1,1,1,1,0,0,0,1,0,0,0,0,0,0,0,0,0,0,0,1
潮州燒冷冰圓環,114-01,114,1,3,2,0,2,2,2,1,1,1,0,0,0,0,1,0,0,0,0,0,0,0,0,0,0,0
潮州燒冷冰圓環,114-02,114,2,3,3,0,3,2,2,1,1,1,0,0,0,0,1,1,0,0,0,0,0,0,0,0,0,0
潮州燒冷冰圓環,114-03,114,3,1,0,0,0,1,1,1,1,1,0,0,0,0,1,0,1,0,0,0,0,0,0,0,0,0
潮州燒冷冰圓環,114-04,114,4,3,3,1,3,2,2,1,1,1,0,0,0,0,1,0,0,1,0,0,0,0,0,0,0,0
潮州燒冷冰圓環,114-05,114,5,2,2,0,2,1,1,1,1,1,0,0,0,0,1,0,0,0,1,0,0,0,0,0,0,0
潮州燒冷冰圓環,114-06,114,6,5,4,0,4,4,4,1,1,1,0,0,0,0,1,0,0,0,0,1,0,0,0,0,0,0
潮州燒冷冰圓環,114-07,114,7,0,0,0,0,0,0,1,1,1,0,0,0,0,1,0,0,0,0,0,1,0,0,0,0,0
潮州燒冷冰圓環,114-08,114,8,1,1,0,1,1,1,1,1,1,0,0,0,0,1,0,0,0,0,0,0,1,0,0,0,0
潮州燒冷冰圓環,114-09,114,9,3,3,0,3,2,2,1,1,1,0,0,0,0,1,0,0,0,0,0,0,0,1,0,0,0
潮州燒冷冰圓環,114-10,114,10,2,2,1,2,1,1,1,1,1,0,0,0,0,1,0,0,0,0,0,0,0,0,1,0,0
潮州燒冷冰圓環,114-11,114,11,0,0,0,0,0,0,1,1,1,0,0,0,0,1,0,0,0,0,0,0,0,0,0,1,0
潮州燒冷冰圓環,114-12,114,12,1,1,1,1,0,0,1,1,1,0,0,0,0,1,0,0,0,0,0,0,0,0,0,0,1
恆春圓環,109-01,109,1,2,2,1,2,0,0,0,0,2,0,0,0,0,0,0,0,0,0,0,0,0,0,0,0,0
恆春圓環,109-02,109,2,1,1,0,1,1,1,0,0,2,0,0,0,0,0,1,0,0,0,0,0,0,0,0,0,0
恆春圓環,109-03,109,3,2,1,0,1,2,2,0,0,2,0,0,0,0,0,0,1,0,0,0,0,0,0,0,0,0
恆春圓環,109-04,109,4,0,0,0,0,0,0,0,0,2,0,0,0,0,0,0,0,1,0,0,0,0,0,0,0,0
恆春圓環,109-05,109,5,0,0,0,0,0,0,0,0,2,0,0,0,0,0,0,0,0,1,0,0,0,0,0,0,0
恆春圓環,109-06,109,6,1,1,0,1,1,1,0,0,2,0,0,0,0,0,0,0,0,0,1,0,0,0,0,0,0
恆春圓環,109-07,109,7,1,1,0,1,1,1,0,0,2,0,0,0,0,0,0,0,0,0,0,1,0,0,0,0,0
恆春圓環,109-08,109,8,2,1,0,1,2,2,0,0,2,0,0,0,0,0,0,0,0,0,0,0,1,0,0,0,0
恆春圓環,109-09,109,9,2,1,0,1,1,1,0,0,2,0,0,0,0,0,0,0,0,0,0,0,0,1,0,0,0
恆春圓環,109-10,109,10,0,0,0,0,0,0,0,0,2,0,0,0,0,0,0,0,0,0,0,0,0,0,1,0,0
恆春圓環,109-11,109,11,1,1,0,1,1,1,0,0,2,0,0,0,0,0,0,0,0,0,0,0,0,0,0,1,0
恆春圓環,109-12,109,12,1,1,0,1,0,0,0,0,2,0,0,0,0,0,0,0,0,0,0,0,0,0,0,0,1
恆春圓環,110-01,110,1,2,2,0,2,2,2,0,0,2,1,0,0,0,0,0,0,0,0,0,0,0,0,0,0,0
恆春圓環,110-02,110,2,0,0,0,0,0,0,0,0,2,1,0,0,0,0,1,0,0,0,0,0,0,0,0,0,0
恆春圓環,110-03,110,3,2,1,0,1,1,1,0,0,2,1,0,0,0,0,0,1,0,0,0,0,0,0,0,0,0
恆春圓環,110-04,110,4,1,1,0,1,0,0,0,0,2,1,0,0,0,0,0,0,1,0,0,0,0,0,0,0,0
恆春圓環,110-05,110,5,1,1,1,1,0,0,0,0,2,1,0,0,0,0,0,0,0,1,0,0,0,0,0,0,0
恆春圓環,110-06,110,6,0,0,0,0,0,0,0,0,2,1,0,0,0,0,0,0,0,0,1,0,0,0,0,0,0
恆春圓環,110-07,110,7,0,0,0,0,0,0,0,0,2,1,0,0,0,0,0,0,0,0,0,1,0,0,0,0,0
恆春圓環,110-08,110,8,0,0,0,0,0,0,0,0,2,1,0,0,0,0,0,0,0,0,0,0,1,0,0,0,0
恆春圓環,110-09,110,9,0,0,0,0,0,0,0,0,2,1,0,0,0,0,0,0,0,0,0,0,0,1,0,0,0
恆春圓環,110-10,110,10,3,3,2,3,1,1,0,0,2,1,0,0,0,0,0,0,0,0,0,0,0,0,1,0,0
恆春圓環,110-11,110,11,1,1,0,1,0,0,0,0,2,1,0,0,0,0,0,0,0,0,0,0,0,0,0,1,0
恆春圓環,110-12,110,12,0,0,0,0,0,0,0,0,2,1,0,0,0,0,0,0,0,0,0,0,0,0,0,0,1
恆春圓環,111-01,111,1,1,1,0,1,1,1,0,0,2,0,1,0,0,0,0,0,0,0,0,0,0,0,0,0,0
恆春圓環,111-02,111,2,0,0,0,0,0,0,0,0,2,0,1,0,0,0,1,0,0,0,0,0,0,0,0,0,0
恆春圓環,111-03,111,3,1,1,0,1,0,0,0,0,2,0,1,0,0,0,0,1,0,0,0,0,0,0,0,0,0
恆春圓環,111-04,111,4,4,3,0,3,2,2,0,0,2,0,1,0,0,0,0,0,1,0,0,0,0,0,0,0,0
恆春圓環,111-05,111,5,0,0,0,0,0,0,0,0,2,0,1,0,0,0,0,0,0,1,0,0,0,0,0,0,0
恆春圓環,111-06,111,6,3,1,0,1,3,3,0,0,2,0,1,0,0,0,0,0,0,0,1,0,0,0,0,0,0
恆春圓環,111-07,111,7,0,0,0,0,0,0,0,0,2,0,1,0,0,0,0,0,0,0,0,1,0,0,0,0,0
恆春圓環,111-08,111,8,3,3,0,3,0,0,0,0,2,0,1,0,0,0,0,0,0,0,0,0,1,0,0,0,0
恆春圓環,111-09,111,9,2,0,0,0,2,2,0,0,2,0,1,0,0,0,0,0,0,0,0,0,0,1,0,0,0
恆春圓環,111-10,111,10,0,0,0,0,0,0,0,0,2,0,1,0,0,0,0,0,0,0,0,0,0,0,1,0,0
恆春圓環,111-11,111,11,1,1,0,1,1,1,0,0,2,0,1,0,0,0,0,0,0,0,0,0,0,0,0,1,0
恆春圓環,111-12,111,12,2,1,0,1,2,2,0,0,2,0,1,0,0,0,0,0,0,0,0,0,0,0,0,0,1
恆春圓環,112-01,112,1,5,5,1,5,1,1,0,0,2,0,0,1,0,0,0,0,0,0,0,0,0,0,0,0,0
恆春圓環,112-02,112,2,2,2,0,2,1,1,0,0,2,0,0,1,0,0,1,0,0,0,0,0,0,0,0,0,0
恆春圓環,112-03,112,3,1,0,0,0,1,1,0,0,2,0,0,1,0,0,0,1,0,0,0,0,0,0,0,0,0
恆春圓環,112-04,112,4,5,2,0,2,4,4,0,0,2,0,0,1,0,0,0,0,1,0,0,0,0,0,0,0,0
恆春圓環,112-05,112,5,1,1,0,1,0,0,0,0,2,0,0,1,0,0,0,0,0,1,0,0,0,0,0,0,0
恆春圓環,112-06,112,6,5,4,0,4,3,3,0,0,2,0,0,1,0,0,0,0,0,0,1,0,0,0,0,0,0
恆春圓環,112-07,112,7,5,5,1,5,4,5,0,0,2,0,0,1,0,0,0,0,0,0,0,1,0,0,0,0,0
恆春圓環,112-08,112,8,2,1,0,1,1,1,0,0,2,0,0,1,0,0,0,0,0,0,0,0,1,0,0,0,0
恆春圓環,112-09,112,9,2,2,0,2,2,2,0,0,2,0,0,1,0,0,0,0,0,0,0,0,0,1,0,0,0
恆春圓環,112-10,112,10,6,4,1,4,3,3,0,0,2,0,0,1,0,0,0,0,0,0,0,0,0,0,1,0,0
恆春圓環,112-11,112,11,4,2,1,2,1,1,0,0,2,0,0,1,0,0,0,0,0,0,0,0,0,0,0,1,0
恆春圓環,112-12,112,12,3,3,0,3,2,2,0,0,2,0,0,1,0,0,0,0,0,0,0,0,0,0,0,0,1
恆春圓環,113-01,113,1,2,2,0,2,1,1,0,0,2,0,0,0,1,0,0,0,0,0,0,0,0,0,0,0,0
恆春圓環,113-02,113,2,3,3,0,3,0,0,0,0,2,0,0,0,1,0,1,0,0,0,0,0,0,0,0,0,0
恆春圓環,113-03,113,3,2,2,0,2,0,0,0,0,2,0,0,0,1,0,0,1,0,0,0,0,0,0,0,0,0
恆春圓環,113-04,113,4,2,1,0,1,1,1,0,0,2,0,0,0,1,0,0,0,1,0,0,0,0,0,0,0,0
恆春圓環,113-05,113,5,5,1,0,1,1,1,0,0,2,0,0,0,1,0,0,0,0,1,0,0,0,0,0,0,0
恆春圓環,113-06,113,6,2,2,1,2,0,0,0,0,2,0,0,0,1,0,0,0,0,0,1,0,0,0,0,0,0
恆春圓環,113-07,113,7,3,3,0,3,1,1,0,0,2,0,0,0,1,0,0,0,0,0,0,1,0,0,0,0,0
恆春圓環,113-08,113,8,2,1,0,1,2,2,0,0,2,0,0,0,1,0,0,0,0,0,0,0,1,0,0,0,0
恆春圓環,113-09,113,9,1,1,0,1,0,0,0,0,2,0,0,0,1,0,0,0,0,0,0,0,0,1,0,0,0
恆春圓環,113-10,113,10,0,0,0,0,0,0,0,0,2,0,0,0,1,0,0,0,0,0,0,0,0,0,1,0,0
恆春圓環,113-11,113,11,3,2,0,2,1,1,0,0,2,0,0,0,1,0,0,0,0,0,0,0,0,0,0,1,0
恆春圓環,113-12,113,12,3,2,1,2,1,1,0,0,2,0,0,0,1,0,0,0,0,0,0,0,0,0,0,0,1
恆春圓環,114-01,114,1,1,1,0,1,1,1,0,0,2,0,0,0,0,1,0,0,0,0,0,0,0,0,0,0,0
恆春圓環,114-02,114,2,0,0,0,0,0,0,0,0,2,0,0,0,0,1,1,0,0,0,0,0,0,0,0,0,0
恆春圓環,114-03,114,3,1,0,0,0,0,0,0,0,2,0,0,0,0,1,0,1,0,0,0,0,0,0,0,0,0
恆春圓環,114-04,114,4,2,2,0,2,1,1,0,0,2,0,0,0,0,1,0,0,1,0,0,0,0,0,0,0,0
恆春圓環,114-05,114,5,3,3,0,3,2,2,0,0,2,0,0,0,0,1,0,0,0,1,0,0,0,0,0,0,0
恆春圓環,114-06,114,6,4,3,0,3,3,3,0,0,2,0,0,0,0,1,0,0,0,0,1,0,0,0,0,0,0
恆春圓環,114-07,114,7,1,1,0,1,1,1,0,0,2,0,0,0,0,1,0,0,0,0,0,1,0,0,0,0,0
恆春圓環,114-08,114,8,2,2,0,2,0,0,0,0,2,0,0,0,0,1,0,0,0,0,0,0,1,0,0,0,0
恆春圓環,114-09,114,9,0,0,0,0,0,0,0,0,2,0,0,0,0,1,0,0,0,0,0,0,0,1,0,0,0
恆春圓環,114-10,114,10,5,1,0,1,1,1,0,0,2,0,0,0,0,1,0,0,0,0,0,0,0,0,1,0,0
恆春圓環,114-11,114,11,1,1,0,1,0,0,0,0,2,0,0,0,0,1,0,0,0,0,0,0,0,0,0,1,0
恆春圓環,114-12,114,12,1,1,0,1,0,0,0,0,2,0,0,0,0,1,0,0,0,0,0,0,0,0,0,0,1
歸仁圓環,109-01,109,1,1,1,0,1,0,0,0,1,2,0,0,0,0,0,0,0,0,0,0,0,0,0,0,0,0
歸仁圓環,109-02,109,2,1,1,0,1,0,0,0,1,2,0,0,0,0,0,1,0,0,0,0,0,0,0,0,0,0
歸仁圓環,109-03,109,3,1,1,0,1,0,0,0,1,2,0,0,0,0,0,0,1,0,0,0,0,0,0,0,0,0
歸仁圓環,109-04,109,4,1,1,0,1,0,0,0,1,2,0,0,0,0,0,0,0,1,0,0,0,0,0,0,0,0
歸仁圓環,109-05,109,5,0,0,0,0,0,0,0,1,2,0,0,0,0,0,0,0,0,1,0,0,0,0,0,0,0
歸仁圓環,109-06,109,6,3,3,2,3,1,1,0,1,2,0,0,0,0,0,0,0,0,0,1,0,0,0,0,0,0
歸仁圓環,109-07,109,7,2,2,1,2,1,1,0,1,2,0,0,0,0,0,0,0,0,0,0,1,0,0,0,0,0
歸仁圓環,109-08,109,8,3,3,0,3,3,3,0,1,2,0,0,0,0,0,0,0,0,0,0,0,1,0,0,0,0
歸仁圓環,109-09,109,9,1,1,0,1,1,1,0,1,2,0,0,0,0,0,0,0,0,0,0,0,0,1,0,0,0
歸仁圓環,109-10,109,10,2,2,0,2,2,2,0,1,2,0,0,0,0,0,0,0,0,0,0,0,0,0,1,0,0
歸仁圓環,109-11,109,11,1,0,0,0,1,1,0,1,2,0,0,0,0,0,0,0,0,0,0,0,0,0,0,1,0
歸仁圓環,109-12,109,12,4,3,1,3,3,3,0,1,2,0,0,0,0,0,0,0,0,0,0,0,0,0,0,0,1
歸仁圓環,110-01,110,1,3,3,1,3,2,2,0,1,2,1,0,0,0,0,0,0,0,0,0,0,0,0,0,0,0
歸仁圓環,110-02,110,2,2,2,0,2,2,2,0,1,2,1,0,0,0,0,1,0,0,0,0,0,0,0,0,0,0
歸仁圓環,110-03,110,3,4,4,0,4,4,4,0,1,2,1,0,0,0,0,0,1,0,0,0,0,0,0,0,0,0
歸仁圓環,110-04,110,4,4,2,0,2,4,4,0,1,2,1,0,0,0,0,0,0,1,0,0,0,0,0,0,0,0
歸仁圓環,110-05,110,5,3,3,2,3,1,1,0,1,2,1,0,0,0,0,0,0,0,1,0,0,0,0,0,0,0
歸仁圓環,110-06,110,6,4,4,1,4,3,3,0,1,2,1,0,0,0,0,0,0,0,0,1,0,0,0,0,0,0
歸仁圓環,110-07,110,7,2,2,0,2,2,2,0,1,2,1,0,0,0,0,0,0,0,0,0,1,0,0,0,0,0
歸仁圓環,110-08,110,8,1,1,1,1,0,0,0,1,2,1,0,0,0,0,0,0,0,0,0,0,1,0,0,0,0
歸仁圓環,110-09,110,9,5,4,1,4,4,4,0,1,2,1,0,0,0,0,0,0,0,0,0,0,0,1,0,0,0
歸仁圓環,110-10,110,10,2,2,1,2,1,1,0,1,2,1,0,0,0,0,0,0,0,0,0,0,0,0,1,0,0
歸仁圓環,110-11,110,11,2,2,1,2,1,1,0,1,2,1,0,0,0,0,0,0,0,0,0,0,0,0,0,1,0
歸仁圓環,110-12,110,12,1,1,1,1,0,0,0,1,2,1,0,0,0,0,0,0,0,0,0,0,0,0,0,0,1
歸仁圓環,111-01,111,1,7,7,1,7,6,6,0,1,2,0,1,0,0,0,0,0,0,0,0,0,0,0,0,0,0
歸仁圓環,111-02,111,2,3,3,0,3,3,3,0,1,2,0,1,0,0,0,1,0,0,0,0,0,0,0,0,0,0
歸仁圓環,111-03,111,3,4,4,2,4,2,2,0,1,2,0,1,0,0,0,0,1,0,0,0,0,0,0,0,0,0
歸仁圓環,111-04,111,4,5,5,2,5,3,3,0,1,2,0,1,0,0,0,0,0,1,0,0,0,0,0,0,0,0
歸仁圓環,111-05,111,5,1,1,0,1,0,0,0,1,2,0,1,0,0,0,0,0,0,1,0,0,0,0,0,0,0
歸仁圓環,111-06,111,6,4,4,2,4,2,3,0,1,2,0,1,0,0,0,0,0,0,0,1,0,0,0,0,0,0
歸仁圓環,111-07,111,7,3,2,1,2,1,1,0,1,2,0,1,0,0,0,0,0,0,0,0,1,0,0,0,0,0
歸仁圓環,111-08,111,8,3,3,0,3,2,2,0,1,2,0,1,0,0,0,0,0,0,0,0,0,1,0,0,0,0
歸仁圓環,111-09,111,9,2,1,0,1,2,2,0,1,2,0,1,0,0,0,0,0,0,0,0,0,0,1,0,0,0
歸仁圓環,111-10,111,10,1,1,0,1,1,1,0,1,2,0,1,0,0,0,0,0,0,0,0,0,0,0,1,0,0
歸仁圓環,112-03,112,3,1,1,1,1,0,0,1,1,2,0,0,1,0,0,0,1,0,0,0,0,0,0,0,0,0
歸仁圓環,112-04,112,4,1,1,0,1,1,1,1,1,2,0,0,1,0,0,0,0,1,0,0,0,0,0,0,0,0
歸仁圓環,112-05,112,5,2,2,1,2,1,1,1,1,2,0,0,1,0,0,0,0,0,1,0,0,0,0,0,0,0
歸仁圓環,112-06,112,6,1,1,0,1,1,1,1,1,2,0,0,1,0,0,0,0,0,0,1,0,0,0,0,0,0
歸仁圓環,112-07,112,7,2,2,0,2,2,2,1,1,2,0,0,1,0,0,0,0,0,0,0,1,0,0,0,0,0
歸仁圓環,112-08,112,8,2,2,0,2,2,2,1,1,2,0,0,1,0,0,0,0,0,0,0,0,1,0,0,0,0
歸仁圓環,112-09,112,9,0,0,0,0,0,0,1,1,2,0,0,1,0,0,0,0,0,0,0,0,0,1,0,0,0
歸仁圓環,112-10,112,10,2,2,1,2,1,1,1,1,2,0,0,1,0,0,0,0,0,0,0,0,0,0,1,0,0
歸仁圓環,112-11,112,11,3,3,0,3,3,3,1,1,2,0,0,1,0,0,0,0,0,0,0,0,0,0,0,1,0
歸仁圓環,112-12,112,12,2,2,0,2,2,2,1,1,2,0,0,1,0,0,0,0,0,0,0,0,0,0,0,0,1
歸仁圓環,113-01,113,1,2,1,0,1,2,2,1,1,2,0,0,0,1,0,0,0,0,0,0,0,0,0,0,0,0
歸仁圓環,113-02,113,2,2,2,0,2,2,2,1,1,2,0,0,0,1,0,1,0,0,0,0,0,0,0,0,0,0
歸仁圓環,113-03,113,3,3,3,1,3,2,2,1,1,2,0,0,0,1,0,0,1,0,0,0,0,0,0,0,0,0
歸仁圓環,113-04,113,4,1,1,0,1,1,1,1,1,2,0,0,0,1,0,0,0,1,0,0,0,0,0,0,0,0
歸仁圓環,113-05,113,5,1,1,0,1,1,1,1,1,2,0,0,0,1,0,0,0,0,1,0,0,0,0,0,0,0
歸仁圓環,113-06,113,6,1,1,0,1,1,1,1,1,2,0,0,0,1,0,0,0,0,0,1,0,0,0,0,0,0
歸仁圓環,113-07,113,7,0,0,0,0,0,0,1,1,2,0,0,0,1,0,0,0,0,0,0,1,0,0,0,0,0
歸仁圓環,113-08,113,8,3,3,0,3,3,3,1,1,2,0,0,0,1,0,0,0,0,0,0,0,1,0,0,0,0
歸仁圓環,113-09,113,9,1,1,1,1,0,0,1,1,2,0,0,0,1,0,0,0,0,0,0,0,0,1,0,0,0
歸仁圓環,113-10,113,10,1,1,1,1,0,0,1,1,2,0,0,0,1,0,0,0,0,0,0,0,0,0,1,0,0
歸仁圓環,113-11,113,11,2,2,0,2,1,1,1,1,2,0,0,0,1,0,0,0,0,0,0,0,0,0,0,1,0
歸仁圓環,113-12,113,12,3,3,0,3,3,3,1,1,2,0,0,0,1,0,0,0,0,0,0,0,0,0,0,0,1
歸仁圓環,114-01,114,1,4,4,0,4,4,4,1,1,2,0,0,0,0,1,0,0,0,0,0,0,0,0,0,0,0
歸仁圓環,114-02,114,2,2,2,0,2,1,1,1,1,2,0,0,0,0,1,1,0,0,0,0,0,0,0,0,0,0
歸仁圓環,114-03,114,3,0,0,0,0,0,0,1,1,2,0,0,0,0,1,0,1,0,0,0,0,0,0,0,0,0
歸仁圓環,114-04,114,4,4,4,0,4,4,4,1,1,2,0,0,0,0,1,0,0,1,0,0,0,0,0,0,0,0
歸仁圓環,114-05,114,5,4,3,1,3,2,2,1,1,2,0,0,0,0,1,0,0,0,1,0,0,0,0,0,0,0
歸仁圓環,114-06,114,6,4,4,0,4,2,2,1,1,2,0,0,0,0,1,0,0,0,0,1,0,0,0,0,0,0
歸仁圓環,114-07,114,7,3,3,2,3,0,0,1,1,2,0,0,0,0,1,0,0,0,0,0,1,0,0,0,0,0
歸仁圓環,114-08,114,8,5,5,2,5,3,3,1,1,2,0,0,0,0,1,0,0,0,0,0,0,1,0,0,0,0
歸仁圓環,114-09,114,9,5,5,2,5,3,3,1,1,2,0,0,0,0,1,0,0,0,0,0,0,0,1,0,0,0
歸仁圓環,114-10,114,10,3,3,0,3,2,2,1,1,2,0,0,0,0,1,0,0,0,0,0,0,0,0,1,0,0
歸仁圓環,114-11,114,11,4,4,1,4,3,3,1,1,2,0,0,0,0,1,0,0,0,0,0,0,0,0,0,1,0
歸仁圓環,114-12,114,12,3,2,0,2,3,3,1,1,2,0,0,0,0,1,0,0,0,0,0,0,0,0,0,0,1
南投市中心圓環,109-01,109,1,0,0,0,0,0,0,0,0,3,0,0,0,0,0,0,0,0,0,0,0,0,0,0,0,0
南投市中心圓環,109-02,109,2,0,0,0,0,0,0,0,0,3,0,0,0,0,0,1,0,0,0,0,0,0,0,0,0,0
南投市中心圓環,109-03,109,3,1,1,0,1,1,1,0,0,3,0,0,0,0,0,0,1,0,0,0,0,0,0,0,0,0
南投市中心圓環,109-04,109,4,0,0,0,0,0,0,0,0,3,0,0,0,0,0,0,0,1,0,0,0,0,0,0,0,0
南投市中心圓環,109-05,109,5,0,0,0,0,0,0,0,0,3,0,0,0,0,0,0,0,0,1,0,0,0,0,0,0,0
南投市中心圓環,109-06,109,6,0,0,0,0,0,0,0,0,3,0,0,0,0,0,0,0,0,0,1,0,0,0,0,0,0
南投市中心圓環,109-07,109,7,2,1,0,1,2,2,0,0,3,0,0,0,0,0,0,0,0,0,0,1,0,0,0,0,0
南投市中心圓環,109-08,109,8,0,0,0,0,0,0,0,0,3,0,0,0,0,0,0,0,0,0,0,0,1,0,0,0,0
南投市中心圓環,109-09,109,9,1,1,0,1,1,1,0,0,3,0,0,0,0,0,0,0,0,0,0,0,0,1,0,0,0
南投市中心圓環,109-10,109,10,0,0,0,0,0,0,0,0,3,0,0,0,0,0,0,0,0,0,0,0,0,0,1,0,0
南投市中心圓環,109-11,109,11,0,0,0,0,0,0,0,0,3,0,0,0,0,0,0,0,0,0,0,0,0,0,0,1,0
南投市中心圓環,109-12,109,12,0,0,0,0,0,0,0,0,3,0,0,0,0,0,0,0,0,0,0,0,0,0,0,0,1
南投市中心圓環,110-01,110,1,0,0,0,0,0,0,0,0,3,1,0,0,0,0,0,0,0,0,0,0,0,0,0,0,0
南投市中心圓環,110-02,110,2,0,0,0,0,0,0,0,0,3,1,0,0,0,0,1,0,0,0,0,0,0,0,0,0,0
南投市中心圓環,110-03,110,3,0,0,0,0,0,0,0,0,3,1,0,0,0,0,0,1,0,0,0,0,0,0,0,0,0
南投市中心圓環,110-04,110,4,1,1,0,1,1,1,0,0,3,1,0,0,0,0,0,0,1,0,0,0,0,0,0,0,0
南投市中心圓環,110-05,110,5,0,0,0,0,0,0,0,0,3,1,0,0,0,0,0,0,0,1,0,0,0,0,0,0,0
南投市中心圓環,110-06,110,6,0,0,0,0,0,0,0,0,3,1,0,0,0,0,0,0,0,0,1,0,0,0,0,0,0
南投市中心圓環,110-07,110,7,1,1,1,1,0,0,0,0,3,1,0,0,0,0,0,0,0,0,0,1,0,0,0,0,0
南投市中心圓環,110-08,110,8,0,0,0,0,0,0,0,0,3,1,0,0,0,0,0,0,0,0,0,0,1,0,0,0,0
南投市中心圓環,110-09,110,9,0,0,0,0,0,0,0,0,3,1,0,0,0,0,0,0,0,0,0,0,0,1,0,0,0
南投市中心圓環,110-10,110,10,0,0,0,0,0,0,0,0,3,1,0,0,0,0,0,0,0,0,0,0,0,0,1,0,0
南投市中心圓環,110-11,110,11,2,2,2,2,0,0,0,0,3,1,0,0,0,0,0,0,0,0,0,0,0,0,0,1,0
南投市中心圓環,110-12,110,12,1,1,0,1,1,1,0,0,3,1,0,0,0,0,0,0,0,0,0,0,0,0,0,0,1
南投市中心圓環,111-01,111,1,0,0,0,0,0,0,0,0,3,0,1,0,0,0,0,0,0,0,0,0,0,0,0,0,0
南投市中心圓環,111-02,111,2,0,0,0,0,0,0,0,0,3,0,1,0,0,0,1,0,0,0,0,0,0,0,0,0,0
南投市中心圓環,111-03,111,3,0,0,0,0,0,0,0,0,3,0,1,0,0,0,0,1,0,0,0,0,0,0,0,0,0
南投市中心圓環,111-04,111,4,1,1,0,1,0,0,0,0,3,0,1,0,0,0,0,0,1,0,0,0,0,0,0,0,0
南投市中心圓環,111-05,111,5,1,1,0,1,1,1,0,0,3,0,1,0,0,0,0,0,0,1,0,0,0,0,0,0,0
南投市中心圓環,111-06,111,6,0,0,0,0,0,0,0,0,3,0,1,0,0,0,0,0,0,0,1,0,0,0,0,0,0
南投市中心圓環,111-07,111,7,0,0,0,0,0,0,0,0,3,0,1,0,0,0,0,0,0,0,0,1,0,0,0,0,0
南投市中心圓環,111-08,111,8,0,0,0,0,0,0,0,0,3,0,1,0,0,0,0,0,0,0,0,0,1,0,0,0,0
南投市中心圓環,111-09,111,9,0,0,0,0,0,0,0,0,3,0,1,0,0,0,0,0,0,0,0,0,0,1,0,0,0
南投市中心圓環,111-10,111,10,0,0,0,0,0,0,0,0,3,0,1,0,0,0,0,0,0,0,0,0,0,0,1,0,0
南投市中心圓環,111-11,111,11,0,0,0,0,0,0,0,0,3,0,1,0,0,0,0,0,0,0,0,0,0,0,0,1,0
南投市中心圓環,111-12,111,12,0,0,0,0,0,0,0,0,3,0,1,0,0,0,0,0,0,0,0,0,0,0,0,0,1
南投市中心圓環,112-01,112,1,0,0,0,0,0,0,0,0,3,0,0,1,0,0,0,0,0,0,0,0,0,0,0,0,0
南投市中心圓環,112-02,112,2,0,0,0,0,0,0,0,0,3,0,0,1,0,0,1,0,0,0,0,0,0,0,0,0,0
南投市中心圓環,112-03,112,3,0,0,0,0,0,0,0,0,3,0,0,1,0,0,0,1,0,0,0,0,0,0,0,0,0
南投市中心圓環,112-04,112,4,0,0,0,0,0,0,0,0,3,0,0,1,0,0,0,0,1,0,0,0,0,0,0,0,0
南投市中心圓環,112-05,112,5,0,0,0,0,0,0,0,0,3,0,0,1,0,0,0,0,0,1,0,0,0,0,0,0,0
南投市中心圓環,112-06,112,6,0,0,0,0,0,0,0,0,3,0,0,1,0,0,0,0,0,0,1,0,0,0,0,0,0
南投市中心圓環,112-07,112,7,0,0,0,0,0,0,0,0,3,0,0,1,0,0,0,0,0,0,0,1,0,0,0,0,0
南投市中心圓環,112-08,112,8,1,1,0,1,1,1,0,0,3,0,0,1,0,0,0,0,0,0,0,0,1,0,0,0,0
南投市中心圓環,112-09,112,9,0,0,0,0,0,0,0,0,3,0,0,1,0,0,0,0,0,0,0,0,0,1,0,0,0
南投市中心圓環,112-10,112,10,0,0,0,0,0,0,0,0,3,0,0,1,0,0,0,0,0,0,0,0,0,0,1,0,0
南投市中心圓環,112-11,112,11,0,0,0,0,0,0,0,0,3,0,0,1,0,0,0,0,0,0,0,0,0,0,0,1,0
南投市中心圓環,112-12,112,12,0,0,0,0,0,0,0,0,3,0,0,1,0,0,0,0,0,0,0,0,0,0,0,0,1
南投市中心圓環,113-01,113,1,0,0,0,0,0,0,0,0,3,0,0,0,1,0,0,0,0,0,0,0,0,0,0,0,0
南投市中心圓環,113-02,113,2,1,0,0,0,1,1,0,0,3,0,0,0,1,0,1,0,0,0,0,0,0,0,0,0,0
南投市中心圓環,113-03,113,3,0,0,0,0,0,0,0,0,3,0,0,0,1,0,0,1,0,0,0,0,0,0,0,0,0
南投市中心圓環,113-04,113,4,2,2,0,2,0,0,0,0,3,0,0,0,1,0,0,0,1,0,0,0,0,0,0,0,0
南投市中心圓環,113-05,113,5,0,0,0,0,0,0,0,0,3,0,0,0,1,0,0,0,0,1,0,0,0,0,0,0,0
南投市中心圓環,113-06,113,6,0,0,0,0,0,0,0,0,3,0,0,0,1,0,0,0,0,0,1,0,0,0,0,0,0
南投市中心圓環,113-07,113,7,0,0,0,0,0,0,0,0,3,0,0,0,1,0,0,0,0,0,0,1,0,0,0,0,0
南投市中心圓環,113-08,113,8,0,0,0,0,0,0,0,0,3,0,0,0,1,0,0,0,0,0,0,0,1,0,0,0,0
南投市中心圓環,113-09,113,9,0,0,0,0,0,0,0,0,3,0,0,0,1,0,0,0,0,0,0,0,0,1,0,0,0
南投市中心圓環,113-10,113,10,1,1,0,1,1,1,0,0,3,0,0,0,1,0,0,0,0,0,0,0,0,0,1,0,0
南投市中心圓環,113-11,113,11,0,0,0,0,0,0,0,0,3,0,0,0,1,0,0,0,0,0,0,0,0,0,0,1,0
南投市中心圓環,113-12,113,12,0,0,0,0,0,0,0,0,3,0,0,0,1,0,0,0,0,0,0,0,0,0,0,0,1
南投市中心圓環,114-01,114,1,1,0,0,0,1,1,0,0,3,0,0,0,0,1,0,0,0,0,0,0,0,0,0,0,0
南投市中心圓環,114-02,114,2,0,0,0,0,0,0,0,0,3,0,0,0,0,1,1,0,0,0,0,0,0,0,0,0,0
南投市中心圓環,114-03,114,3,0,0,0,0,0,0,0,0,3,0,0,0,0,1,0,1,0,0,0,0,0,0,0,0,0
南投市中心圓環,114-04,114,4,0,0,0,0,0,0,0,0,3,0,0,0,0,1,0,0,1,0,0,0,0,0,0,0,0
南投市中心圓環,114-05,114,5,0,0,0,0,0,0,0,0,3,0,0,0,0,1,0,0,0,1,0,0,0,0,0,0,0
南投市中心圓環,114-06,114,6,0,0,0,0,0,0,0,0,3,0,0,0,0,1,0,0,0,0,1,0,0,0,0,0,0
南投市中心圓環,114-07,114,7,0,0,0,0,0,0,0,0,3,0,0,0,0,1,0,0,0,0,0,1,0,0,0,0,0
南投市中心圓環,114-08,114,8,0,0,0,0,0,0,0,0,3,0,0,0,0,1,0,0,0,0,0,0,1,0,0,0,0
南投市中心圓環,114-09,114,9,0,0,0,0,0,0,0,0,3,0,0,0,0,1,0,0,0,0,0,0,0,1,0,0,0
南投市中心圓環,114-10,114,10,0,0,0,0,0,0,0,0,3,0,0,0,0,1,0,0,0,0,0,0,0,0,1,0,0
南投市中心圓環,114-11,114,11,0,0,0,0,0,0,0,0,3,0,0,0,0,1,0,0,0,0,0,0,0,0,0,1,0
南投市中心圓環,114-12,114,12,1,1,0,1,1,1,0,0,3,0,0,0,0,1,0,0,0,0,0,0,0,0,0,0,1
中興新村圓環,109-01,109,1,0,0,0,0,0,0,0,1,3,0,0,0,0,0,0,0,0,0,0,0,0,0,0,0,0
中興新村圓環,109-02,109,2,1,1,0,1,1,1,0,1,3,0,0,0,0,0,1,0,0,0,0,0,0,0,0,0,0
中興新村圓環,109-03,109,3,1,1,0,1,1,1,0,1,3,0,0,0,0,0,0,1,0,0,0,0,0,0,0,0,0
中興新村圓環,109-04,109,4,0,0,0,0,0,0,0,1,3,0,0,0,0,0,0,0,1,0,0,0,0,0,0,0,0
中興新村圓環,109-05,109,5,1,1,0,1,1,1,0,1,3,0,0,0,0,0,0,0,0,1,0,0,0,0,0,0,0
中興新村圓環,109-06,109,6,0,0,0,0,0,0,0,1,3,0,0,0,0,0,0,0,0,0,1,0,0,0,0,0,0
中興新村圓環,109-07,109,7,2,2,0,2,2,2,0,1,3,0,0,0,0,0,0,0,0,0,0,1,0,0,0,0,0
中興新村圓環,109-08,109,8,1,1,0,1,1,1,0,1,3,0,0,0,0,0,0,0,0,0,0,0,1,0,0,0,0
中興新村圓環,109-09,109,9,0,0,0,0,0,0,0,1,3,0,0,0,0,0,0,0,0,0,0,0,0,1,0,0,0
中興新村圓環,109-10,109,10,3,2,1,2,2,2,0,1,3,0,0,0,0,0,0,0,0,0,0,0,0,0,1,0,0
中興新村圓環,109-11,109,11,4,4,0,4,4,4,0,1,3,0,0,0,0,0,0,0,0,0,0,0,0,0,0,1,0
中興新村圓環,109-12,109,12,1,1,1,1,0,0,0,1,3,0,0,0,0,0,0,0,0,0,0,0,0,0,0,0,1
中興新村圓環,110-01,110,1,2,2,0,2,2,2,0,1,3,1,0,0,0,0,0,0,0,0,0,0,0,0,0,0,0
中興新村圓環,110-02,110,2,1,1,0,1,0,0,0,1,3,1,0,0,0,0,1,0,0,0,0,0,0,0,0,0,0
中興新村圓環,110-03,110,3,0,0,0,0,0,0,0,1,3,1,0,0,0,0,0,1,0,0,0,0,0,0,0,0,0
中興新村圓環,110-04,110,4,3,2,0,2,3,3,0,1,3,1,0,0,0,0,0,0,1,0,0,0,0,0,0,0,0
中興新村圓環,110-05,110,5,1,1,0,1,1,1,0,1,3,1,0,0,0,0,0,0,0,1,0,0,0,0,0,0,0
中興新村圓環,110-06,110,6,3,3,0,3,2,2,0,1,3,1,0,0,0,0,0,0,0,0,1,0,0,0,0,0,0
中興新村圓環,110-07,110,7,0,0,0,0,0,0,0,1,3,1,0,0,0,0,0,0,0,0,0,1,0,0,0,0,0
中興新村圓環,110-08,110,8,1,1,0,1,1,1,0,1,3,1,0,0,0,0,0,0,0,0,0,0,1,0,0,0,0
中興新村圓環,110-09,110,9,2,2,0,2,2,2,0,1,3,1,0,0,0,0,0,0,0,0,0,0,0,1,0,0,0
中興新村圓環,110-10,110,10,4,2,0,2,4,4,0,1,3,1,0,0,0,0,0,0,0,0,0,0,0,0,1,0,0
中興新村圓環,110-11,110,11,0,0,0,0,0,0,0,1,3,1,0,0,0,0,0,0,0,0,0,0,0,0,0,1,0
中興新村圓環,110-12,110,12,6,5,0,5,5,5,0,1,3,1,0,0,0,0,0,0,0,0,0,0,0,0,0,0,1
中興新村圓環,111-01,111,1,2,1,0,1,2,2,0,1,3,0,1,0,0,0,0,0,0,0,0,0,0,0,0,0,0
中興新村圓環,111-02,111,2,1,1,0,1,1,1,0,1,3,0,1,0,0,0,1,0,0,0,0,0,0,0,0,0,0
中興新村圓環,111-03,111,3,0,0,0,0,0,0,0,1,3,0,1,0,0,0,0,1,0,0,0,0,0,0,0,0,0
中興新村圓環,111-04,111,4,1,1,0,1,1,1,0,1,3,0,1,0,0,0,0,0,1,0,0,0,0,0,0,0,0
中興新村圓環,111-05,111,5,2,2,0,2,2,2,0,1,3,0,1,0,0,0,0,0,0,1,0,0,0,0,0,0,0
中興新村圓環,111-06,111,6,0,0,0,0,0,0,0,1,3,0,1,0,0,0,0,0,0,0,1,0,0,0,0,0,0
中興新村圓環,111-07,111,7,3,3,0,3,3,3,0,1,3,0,1,0,0,0,0,0,0,0,0,1,0,0,0,0,0
中興新村圓環,111-08,111,8,4,3,0,3,3,3,0,1,3,0,1,0,0,0,0,0,0,0,0,0,1,0,0,0,0
中興新村圓環,111-09,111,9,0,0,0,0,0,0,0,1,3,0,1,0,0,0,0,0,0,0,0,0,0,1,0,0,0
中興新村圓環,111-10,111,10,1,1,0,1,1,1,0,1,3,0,1,0,0,0,0,0,0,0,0,0,0,0,1,0,0
中興新村圓環,111-11,111,11,0,0,0,0,0,0,0,1,3,0,1,0,0,0,0,0,0,0,0,0,0,0,0,1,0
中興新村圓環,111-12,111,12,1,1,0,1,1,1,0,1,3,0,1,0,0,0,0,0,0,0,0,0,0,0,0,0,1
中興新村圓環,112-01,112,1,2,0,0,0,2,2,0,1,3,0,0,1,0,0,0,0,0,0,0,0,0,0,0,0,0
中興新村圓環,112-02,112,2,3,3,0,3,3,3,0,1,3,0,0,1,0,0,1,0,0,0,0,0,0,0,0,0,0
中興新村圓環,112-03,112,3,0,0,0,0,0,0,0,1,3,0,0,1,0,0,0,1,0,0,0,0,0,0,0,0,0
中興新村圓環,112-04,112,4,2,2,0,2,2,2,0,1,3,0,0,1,0,0,0,0,1,0,0,0,0,0,0,0,0
中興新村圓環,112-05,112,5,1,1,0,1,1,1,0,1,3,0,0,1,0,0,0,0,0,1,0,0,0,0,0,0,0
中興新村圓環,112-06,112,6,3,3,0,3,3,3,0,1,3,0,0,1,0,0,0,0,0,0,1,0,0,0,0,0,0
中興新村圓環,112-07,112,7,2,2,0,2,2,2,0,1,3,0,0,1,0,0,0,0,0,0,0,1,0,0,0,0,0
中興新村圓環,112-08,112,8,3,3,0,3,2,2,0,1,3,0,0,1,0,0,0,0,0,0,0,0,1,0,0,0,0
中興新村圓環,112-09,112,9,1,1,0,1,1,1,0,1,3,0,0,1,0,0,0,0,0,0,0,0,0,1,0,0,0
中興新村圓環,112-10,112,10,4,3,0,3,4,4,0,1,3,0,0,1,0,0,0,0,0,0,0,0,0,0,1,0,0
中興新村圓環,112-11,112,11,1,1,1,1,0,0,0,1,3,0,0,1,0,0,0,0,0,0,0,0,0,0,0,1,0
中興新村圓環,112-12,112,12,2,2,0,2,2,2,0,1,3,0,0,1,0,0,0,0,0,0,0,0,0,0,0,0,1
中興新村圓環,113-01,113,1,2,2,0,2,2,2,0,1,3,0,0,0,1,0,0,0,0,0,0,0,0,0,0,0,0
中興新村圓環,113-02,113,2,0,0,0,0,0,0,0,1,3,0,0,0,1,0,1,0,0,0,0,0,0,0,0,0,0
中興新村圓環,113-03,113,3,3,3,0,3,3,3,0,1,3,0,0,0,1,0,0,1,0,0,0,0,0,0,0,0,0
中興新村圓環,113-04,113,4,2,2,0,2,2,2,0,1,3,0,0,0,1,0,0,0,1,0,0,0,0,0,0,0,0
中興新村圓環,113-05,113,5,0,0,0,0,0,0,0,1,3,0,0,0,1,0,0,0,0,1,0,0,0,0,0,0,0
中興新村圓環,113-06,113,6,0,0,0,0,0,0,0,1,3,0,0,0,1,0,0,0,0,0,1,0,0,0,0,0,0
中興新村圓環,113-07,113,7,1,1,0,1,1,1,0,1,3,0,0,0,1,0,0,0,0,0,0,1,0,0,0,0,0
中興新村圓環,113-08,113,8,0,0,0,0,0,0,0,1,3,0,0,0,1,0,0,0,0,0,0,0,1,0,0,0,0
中興新村圓環,113-09,113,9,1,1,0,1,1,1,0,1,3,0,0,0,1,0,0,0,0,0,0,0,0,1,0,0,0
中興新村圓環,113-10,113,10,0,0,0,0,0,0,0,1,3,0,0,0,1,0,0,0,0,0,0,0,0,0,1,0,0
中興新村圓環,113-11,113,11,2,2,0,2,2,2,0,1,3,0,0,0,1,0,0,0,0,0,0,0,0,0,0,1,0
中興新村圓環,113-12,113,12,1,1,0,1,1,1,0,1,3,0,0,0,1,0,0,0,0,0,0,0,0,0,0,0,1
中興新村圓環,114-04,114,4,0,0,0,0,0,0,1,1,3,0,0,0,0,1,0,0,1,0,0,0,0,0,0,0,0
中興新村圓環,114-05,114,5,0,0,0,0,0,0,1,1,3,0,0,0,0,1,0,0,0,1,0,0,0,0,0,0,0
中興新村圓環,114-06,114,6,0,0,0,0,0,0,1,1,3,0,0,0,0,1,0,0,0,0,1,0,0,0,0,0,0
中興新村圓環,114-07,114,7,0,0,0,0,0,0,1,1,3,0,0,0,0,1,0,0,0,0,0,1,0,0,0,0,0
中興新村圓環,114-08,114,8,3,3,0,3,3,3,1,1,3,0,0,0,0,1,0,0,0,0,0,0,1,0,0,0,0
中興新村圓環,114-09,114,9,1,1,0,1,1,1,1,1,3,0,0,0,0,1,0,0,0,0,0,0,0,1,0,0,0
中興新村圓環,114-10,114,10,0,0,0,0,0,0,1,1,3,0,0,0,0,1,0,0,0,0,0,0,0,0,1,0,0
中興新村圓環,114-11,114,11,1,1,0,1,1,1,1,1,3,0,0,0,0,1,0,0,0,0,0,0,0,0,0,1,0
中興新村圓環,114-12,114,12,0,0,0,0,0,0,1,1,3,0,0,0,0,1,0,0,0,0,0,0,0,0,0,0,1
Sanduo_ctrl_9,109-01,109,1,0,0,0,0,0,0,0,0,4,0,0,0,0,0,0,0,0,0,0,0,0,0,0,0,0
Sanduo_ctrl_9,109-02,109,2,0,0,0,0,0,0,0,0,4,0,0,0,0,0,1,0,0,0,0,0,0,0,0,0,0
Sanduo_ctrl_9,109-03,109,3,0,0,0,0,0,0,0,0,4,0,0,0,0,0,0,1,0,0,0,0,0,0,0,0,0
Sanduo_ctrl_9,109-04,109,4,1,1,0,1,1,1,0,0,4,0,0,0,0,0,0,0,1,0,0,0,0,0,0,0,0
Sanduo_ctrl_9,109-05,109,5,1,1,0,1,1,1,0,0,4,0,0,0,0,0,0,0,0,1,0,0,0,0,0,0,0
Sanduo_ctrl_9,109-06,109,6,1,1,1,1,0,0,0,0,4,0,0,0,0,0,0,0,0,0,1,0,0,0,0,0,0
Sanduo_ctrl_9,109-07,109,7,0,0,0,0,0,0,0,0,4,0,0,0,0,0,0,0,0,0,0,1,0,0,0,0,0
Sanduo_ctrl_9,109-08,109,8,0,0,0,0,0,0,0,0,4,0,0,0,0,0,0,0,0,0,0,0,1,0,0,0,0
Sanduo_ctrl_9,109-09,109,9,0,0,0,0,0,0,0,0,4,0,0,0,0,0,0,0,0,0,0,0,0,1,0,0,0
Sanduo_ctrl_9,109-10,109,10,0,0,0,0,0,0,0,0,4,0,0,0,0,0,0,0,0,0,0,0,0,0,1,0,0
Sanduo_ctrl_9,109-11,109,11,0,0,0,0,0,0,0,0,4,0,0,0,0,0,0,0,0,0,0,0,0,0,0,1,0
Sanduo_ctrl_9,109-12,109,12,1,1,0,1,0,0,0,0,4,0,0,0,0,0,0,0,0,0,0,0,0,0,0,0,1
Sanduo_ctrl_9,110-01,110,1,0,0,0,0,0,0,0,0,4,1,0,0,0,0,0,0,0,0,0,0,0,0,0,0,0
Sanduo_ctrl_9,110-02,110,2,0,0,0,0,0,0,0,0,4,1,0,0,0,0,1,0,0,0,0,0,0,0,0,0,0
Sanduo_ctrl_9,110-03,110,3,0,0,0,0,0,0,0,0,4,1,0,0,0,0,0,1,0,0,0,0,0,0,0,0,0
Sanduo_ctrl_9,110-04,110,4,0,0,0,0,0,0,0,0,4,1,0,0,0,0,0,0,1,0,0,0,0,0,0,0,0
Sanduo_ctrl_9,110-05,110,5,0,0,0,0,0,0,0,0,4,1,0,0,0,0,0,0,0,1,0,0,0,0,0,0,0
Sanduo_ctrl_9,110-06,110,6,2,2,0,2,1,1,0,0,4,1,0,0,0,0,0,0,0,0,1,0,0,0,0,0,0
Sanduo_ctrl_9,110-07,110,7,2,2,0,2,2,2,0,0,4,1,0,0,0,0,0,0,0,0,0,1,0,0,0,0,0
Sanduo_ctrl_9,110-08,110,8,1,1,0,1,0,0,0,0,4,1,0,0,0,0,0,0,0,0,0,0,1,0,0,0,0
Sanduo_ctrl_9,110-09,110,9,0,0,0,0,0,0,0,0,4,1,0,0,0,0,0,0,0,0,0,0,0,1,0,0,0
Sanduo_ctrl_9,110-10,110,10,0,0,0,0,0,0,0,0,4,1,0,0,0,0,0,0,0,0,0,0,0,0,1,0,0
Sanduo_ctrl_9,110-11,110,11,1,1,0,1,1,1,0,0,4,1,0,0,0,0,0,0,0,0,0,0,0,0,0,1,0
Sanduo_ctrl_9,110-12,110,12,0,0,0,0,0,0,0,0,4,1,0,0,0,0,0,0,0,0,0,0,0,0,0,0,1
Sanduo_ctrl_9,111-01,111,1,0,0,0,0,0,0,0,0,4,0,1,0,0,0,0,0,0,0,0,0,0,0,0,0,0
Sanduo_ctrl_9,111-02,111,2,0,0,0,0,0,0,0,0,4,0,1,0,0,0,1,0,0,0,0,0,0,0,0,0,0
Sanduo_ctrl_9,111-03,111,3,1,1,1,1,0,1,0,0,4,0,1,0,0,0,0,1,0,0,0,0,0,0,0,0,0
Sanduo_ctrl_9,111-04,111,4,0,0,0,0,0,0,0,0,4,0,1,0,0,0,0,0,1,0,0,0,0,0,0,0,0
Sanduo_ctrl_9,111-05,111,5,0,0,0,0,0,0,0,0,4,0,1,0,0,0,0,0,0,1,0,0,0,0,0,0,0
Sanduo_ctrl_9,111-06,111,6,0,0,0,0,0,0,0,0,4,0,1,0,0,0,0,0,0,0,1,0,0,0,0,0,0
Sanduo_ctrl_9,111-07,111,7,0,0,0,0,0,0,0,0,4,0,1,0,0,0,0,0,0,0,0,1,0,0,0,0,0
Sanduo_ctrl_9,111-08,111,8,0,0,0,0,0,0,0,0,4,0,1,0,0,0,0,0,0,0,0,0,1,0,0,0,0
Sanduo_ctrl_9,111-09,111,9,0,0,0,0,0,0,0,0,4,0,1,0,0,0,0,0,0,0,0,0,0,1,0,0,0
Sanduo_ctrl_9,111-10,111,10,0,0,0,0,0,0,0,0,4,0,1,0,0,0,0,0,0,0,0,0,0,0,1,0,0
Sanduo_ctrl_9,111-11,111,11,0,0,0,0,0,0,0,0,4,0,1,0,0,0,0,0,0,0,0,0,0,0,0,1,0
Sanduo_ctrl_9,111-12,111,12,0,0,0,0,0,0,0,0,4,0,1,0,0,0,0,0,0,0,0,0,0,0,0,0,1
Sanduo_ctrl_9,112-01,112,1,0,0,0,0,0,0,0,0,4,0,0,1,0,0,0,0,0,0,0,0,0,0,0,0,0
Sanduo_ctrl_9,112-02,112,2,0,0,0,0,0,0,0,0,4,0,0,1,0,0,1,0,0,0,0,0,0,0,0,0,0
Sanduo_ctrl_9,112-03,112,3,0,0,0,0,0,0,0,0,4,0,0,1,0,0,0,1,0,0,0,0,0,0,0,0,0
Sanduo_ctrl_9,112-04,112,4,0,0,0,0,0,0,0,0,4,0,0,1,0,0,0,0,1,0,0,0,0,0,0,0,0
Sanduo_ctrl_9,112-05,112,5,0,0,0,0,0,0,0,0,4,0,0,1,0,0,0,0,0,1,0,0,0,0,0,0,0
Sanduo_ctrl_9,112-06,112,6,0,0,0,0,0,0,0,0,4,0,0,1,0,0,0,0,0,0,1,0,0,0,0,0,0
Sanduo_ctrl_9,112-07,112,7,1,1,0,1,1,1,0,0,4,0,0,1,0,0,0,0,0,0,0,1,0,0,0,0,0
Sanduo_ctrl_9,112-08,112,8,0,0,0,0,0,0,0,0,4,0,0,1,0,0,0,0,0,0,0,0,1,0,0,0,0
Sanduo_ctrl_9,112-09,112,9,0,0,0,0,0,0,0,0,4,0,0,1,0,0,0,0,0,0,0,0,0,1,0,0,0
Sanduo_ctrl_9,112-10,112,10,0,0,0,0,0,0,0,0,4,0,0,1,0,0,0,0,0,0,0,0,0,0,1,0,0
Sanduo_ctrl_9,112-11,112,11,0,0,0,0,0,0,0,0,4,0,0,1,0,0,0,0,0,0,0,0,0,0,0,1,0
Sanduo_ctrl_9,112-12,112,12,0,0,0,0,0,0,0,0,4,0,0,1,0,0,0,0,0,0,0,0,0,0,0,0,1
Sanduo_ctrl_9,113-01,113,1,0,0,0,0,0,0,0,0,4,0,0,0,1,0,0,0,0,0,0,0,0,0,0,0,0
Sanduo_ctrl_9,113-02,113,2,0,0,0,0,0,0,0,0,4,0,0,0,1,0,1,0,0,0,0,0,0,0,0,0,0
Sanduo_ctrl_9,113-03,113,3,0,0,0,0,0,0,0,0,4,0,0,0,1,0,0,1,0,0,0,0,0,0,0,0,0
Sanduo_ctrl_9,113-04,113,4,0,0,0,0,0,0,0,0,4,0,0,0,1,0,0,0,1,0,0,0,0,0,0,0,0
Sanduo_ctrl_9,113-05,113,5,1,1,1,1,0,0,0,0,4,0,0,0,1,0,0,0,0,1,0,0,0,0,0,0,0
Sanduo_ctrl_9,113-06,113,6,0,0,0,0,0,0,0,0,4,0,0,0,1,0,0,0,0,0,1,0,0,0,0,0,0
Sanduo_ctrl_9,113-07,113,7,0,0,0,0,0,0,0,0,4,0,0,0,1,0,0,0,0,0,0,1,0,0,0,0,0
Sanduo_ctrl_9,113-08,113,8,0,0,0,0,0,0,0,0,4,0,0,0,1,0,0,0,0,0,0,0,1,0,0,0,0
Sanduo_ctrl_9,113-09,113,9,0,0,0,0,0,0,0,0,4,0,0,0,1,0,0,0,0,0,0,0,0,1,0,0,0
Sanduo_ctrl_9,113-10,113,10,0,0,0,0,0,0,0,0,4,0,0,0,1,0,0,0,0,0,0,0,0,0,1,0,0
Sanduo_ctrl_9,113-11,113,11,0,0,0,0,0,0,0,0,4,0,0,0,1,0,0,0,0,0,0,0,0,0,0,1,0
Sanduo_ctrl_9,113-12,113,12,0,0,0,0,0,0,0,0,4,0,0,0,1,0,0,0,0,0,0,0,0,0,0,0,1
Sanduo_ctrl_9,114-01,114,1,0,0,0,0,0,0,0,0,4,0,0,0,0,1,0,0,0,0,0,0,0,0,0,0,0
Sanduo_ctrl_9,114-02,114,2,0,0,0,0,0,0,0,0,4,0,0,0,0,1,1,0,0,0,0,0,0,0,0,0,0
Sanduo_ctrl_9,114-03,114,3,0,0,0,0,0,0,0,0,4,0,0,0,0,1,0,1,0,0,0,0,0,0,0,0,0
Sanduo_ctrl_9,114-04,114,4,0,0,0,0,0,0,0,0,4,0,0,0,0,1,0,0,1,0,0,0,0,0,0,0,0
Sanduo_ctrl_9,114-05,114,5,0,0,0,0,0,0,0,0,4,0,0,0,0,1,0,0,0,1,0,0,0,0,0,0,0
Sanduo_ctrl_9,114-06,114,6,0,0,0,0,0,0,0,0,4,0,0,0,0,1,0,0,0,0,1,0,0,0,0,0,0
Sanduo_ctrl_9,114-07,114,7,0,0,0,0,0,0,0,0,4,0,0,0,0,1,0,0,0,0,0,1,0,0,0,0,0
Sanduo_ctrl_9,114-08,114,8,0,0,0,0,0,0,0,0,4,0,0,0,0,1,0,0,0,0,0,0,1,0,0,0,0
Sanduo_ctrl_9,114-09,114,9,0,0,0,0,0,0,0,0,4,0,0,0,0,1,0,0,0,0,0,0,0,1,0,0,0
Sanduo_ctrl_9,114-10,114,10,0,0,0,0,0,0,0,0,4,0,0,0,0,1,0,0,0,0,0,0,0,0,1,0,0
Sanduo_ctrl_9,114-11,114,11,0,0,0,0,0,0,0,0,4,0,0,0,0,1,0,0,0,0,0,0,0,0,0,1,0
Sanduo_ctrl_9,114-12,114,12,0,0,0,0,0,0,0,0,4,0,0,0,0,1,0,0,0,0,0,0,0,0,0,0,1
三多商圈圓環,109-01,109,1,1,1,0,1,1,1,0,1,4,0,0,0,0,0,0,0,0,0,0,0,0,0,0,0,0
三多商圈圓環,109-02,109,2,0,0,0,0,0,0,0,1,4,0,0,0,0,0,1,0,0,0,0,0,0,0,0,0,0
三多商圈圓環,109-03,109,3,0,0,0,0,0,0,0,1,4,0,0,0,0,0,0,1,0,0,0,0,0,0,0,0,0
三多商圈圓環,109-04,109,4,0,0,0,0,0,0,0,1,4,0,0,0,0,0,0,0,1,0,0,0,0,0,0,0,0
三多商圈圓環,109-05,109,5,2,2,1,2,0,0,0,1,4,0,0,0,0,0,0,0,0,1,0,0,0,0,0,0,0
三多商圈圓環,109-06,109,6,0,0,0,0,0,0,0,1,4,0,0,0,0,0,0,0,0,0,1,0,0,0,0,0,0
三多商圈圓環,109-07,109,7,0,0,0,0,0,0,0,1,4,0,0,0,0,0,0,0,0,0,0,1,0,0,0,0,0
三多商圈圓環,109-08,109,8,1,1,1,1,0,0,0,1,4,0,0,0,0,0,0,0,0,0,0,0,1,0,0,0,0
三多商圈圓環,109-09,109,9,0,0,0,0,0,0,0,1,4,0,0,0,0,0,0,0,0,0,0,0,0,1,0,0,0
三多商圈圓環,109-10,109,10,1,1,0,1,1,1,0,1,4,0,0,0,0,0,0,0,0,0,0,0,0,0,1,0,0
三多商圈圓環,109-11,109,11,0,0,0,0,0,0,0,1,4,0,0,0,0,0,0,0,0,0,0,0,0,0,0,1,0
三多商圈圓環,109-12,109,12,0,0,0,0,0,0,0,1,4,0,0,0,0,0,0,0,0,0,0,0,0,0,0,0,1
三多商圈圓環,110-01,110,1,0,0,0,0,0,0,0,1,4,1,0,0,0,0,0,0,0,0,0,0,0,0,0,0,0
三多商圈圓環,110-02,110,2,0,0,0,0,0,0,0,1,4,1,0,0,0,0,1,0,0,0,0,0,0,0,0,0,0
三多商圈圓環,110-03,110,3,0,0,0,0,0,0,0,1,4,1,0,0,0,0,0,1,0,0,0,0,0,0,0,0,0
三多商圈圓環,110-04,110,4,1,1,0,1,1,1,0,1,4,1,0,0,0,0,0,0,1,0,0,0,0,0,0,0,0
三多商圈圓環,110-05,110,5,0,0,0,0,0,0,0,1,4,1,0,0,0,0,0,0,0,1,0,0,0,0,0,0,0
三多商圈圓環,110-06,110,6,0,0,0,0,0,0,0,1,4,1,0,0,0,0,0,0,0,0,1,0,0,0,0,0,0
三多商圈圓環,110-07,110,7,1,1,1,1,0,0,0,1,4,1,0,0,0,0,0,0,0,0,0,1,0,0,0,0,0
三多商圈圓環,110-08,110,8,1,1,0,1,1,1,0,1,4,1,0,0,0,0,0,0,0,0,0,0,1,0,0,0,0
三多商圈圓環,110-09,110,9,0,0,0,0,0,0,0,1,4,1,0,0,0,0,0,0,0,0,0,0,0,1,0,0,0
三多商圈圓環,110-10,110,10,0,0,0,0,0,0,0,1,4,1,0,0,0,0,0,0,0,0,0,0,0,0,1,0,0
三多商圈圓環,110-11,110,11,0,0,0,0,0,0,0,1,4,1,0,0,0,0,0,0,0,0,0,0,0,0,0,1,0
三多商圈圓環,110-12,110,12,0,0,0,0,0,0,0,1,4,1,0,0,0,0,0,0,0,0,0,0,0,0,0,0,1
三多商圈圓環,111-01,111,1,0,0,0,0,0,0,0,1,4,0,1,0,0,0,0,0,0,0,0,0,0,0,0,0,0
三多商圈圓環,111-02,111,2,0,0,0,0,0,0,0,1,4,0,1,0,0,0,1,0,0,0,0,0,0,0,0,0,0
三多商圈圓環,111-03,111,3,0,0,0,0,0,0,0,1,4,0,1,0,0,0,0,1,0,0,0,0,0,0,0,0,0
三多商圈圓環,111-04,111,4,0,0,0,0,0,0,0,1,4,0,1,0,0,0,0,0,1,0,0,0,0,0,0,0,0
三多商圈圓環,111-05,111,5,1,1,0,1,1,1,0,1,4,0,1,0,0,0,0,0,0,1,0,0,0,0,0,0,0
三多商圈圓環,111-06,111,6,0,0,0,0,0,0,0,1,4,0,1,0,0,0,0,0,0,0,1,0,0,0,0,0,0
三多商圈圓環,111-07,111,7,1,1,0,1,0,0,0,1,4,0,1,0,0,0,0,0,0,0,0,1,0,0,0,0,0
三多商圈圓環,111-08,111,8,0,0,0,0,0,0,0,1,4,0,1,0,0,0,0,0,0,0,0,0,1,0,0,0,0
三多商圈圓環,111-09,111,9,0,0,0,0,0,0,0,1,4,0,1,0,0,0,0,0,0,0,0,0,0,1,0,0,0
三多商圈圓環,111-10,111,10,0,0,0,0,0,0,0,1,4,0,1,0,0,0,0,0,0,0,0,0,0,0,1,0,0
三多商圈圓環,111-11,111,11,0,0,0,0,0,0,0,1,4,0,1,0,0,0,0,0,0,0,0,0,0,0,0,1,0
三多商圈圓環,111-12,111,12,0,0,0,0,0,0,0,1,4,0,1,0,0,0,0,0,0,0,0,0,0,0,0,0,1
三多商圈圓環,112-01,112,1,1,1,0,1,1,1,0,1,4,0,0,1,0,0,0,0,0,0,0,0,0,0,0,0,0
三多商圈圓環,112-02,112,2,0,0,0,0,0,0,0,1,4,0,0,1,0,0,1,0,0,0,0,0,0,0,0,0,0
三多商圈圓環,112-03,112,3,0,0,0,0,0,0,0,1,4,0,0,1,0,0,0,1,0,0,0,0,0,0,0,0,0
三多商圈圓環,112-04,112,4,0,0,0,0,0,0,0,1,4,0,0,1,0,0,0,0,1,0,0,0,0,0,0,0,0
三多商圈圓環,112-05,112,5,0,0,0,0,0,0,0,1,4,0,0,1,0,0,0,0,0,1,0,0,0,0,0,0,0
三多商圈圓環,112-06,112,6,0,0,0,0,0,0,0,1,4,0,0,1,0,0,0,0,0,0,1,0,0,0,0,0,0
三多商圈圓環,112-07,112,7,0,0,0,0,0,0,0,1,4,0,0,1,0,0,0,0,0,0,0,1,0,0,0,0,0
三多商圈圓環,112-08,112,8,0,0,0,0,0,0,0,1,4,0,0,1,0,0,0,0,0,0,0,0,1,0,0,0,0
三多商圈圓環,112-09,112,9,0,0,0,0,0,0,0,1,4,0,0,1,0,0,0,0,0,0,0,0,0,1,0,0,0
三多商圈圓環,112-10,112,10,0,0,0,0,0,0,0,1,4,0,0,1,0,0,0,0,0,0,0,0,0,0,1,0,0
三多商圈圓環,112-11,112,11,0,0,0,0,0,0,0,1,4,0,0,1,0,0,0,0,0,0,0,0,0,0,0,1,0
三多商圈圓環,112-12,112,12,0,0,0,0,0,0,0,1,4,0,0,1,0,0,0,0,0,0,0,0,0,0,0,0,1
三多商圈圓環,113-01,113,1,0,0,0,0,0,0,0,1,4,0,0,0,1,0,0,0,0,0,0,0,0,0,0,0,0
三多商圈圓環,113-05,113,5,0,0,0,0,0,0,1,1,4,0,0,0,1,0,0,0,0,1,0,0,0,0,0,0,0
三多商圈圓環,113-06,113,6,0,0,0,0,0,0,1,1,4,0,0,0,1,0,0,0,0,0,1,0,0,0,0,0,0
三多商圈圓環,113-07,113,7,0,0,0,0,0,0,1,1,4,0,0,0,1,0,0,0,0,0,0,1,0,0,0,0,0
三多商圈圓環,113-08,113,8,0,0,0,0,0,0,1,1,4,0,0,0,1,0,0,0,0,0,0,0,1,0,0,0,0
三多商圈圓環,113-09,113,9,0,0,0,0,0,0,1,1,4,0,0,0,1,0,0,0,0,0,0,0,0,1,0,0,0
三多商圈圓環,113-10,113,10,0,0,0,0,0,0,1,1,4,0,0,0,1,0,0,0,0,0,0,0,0,0,1,0,0
三多商圈圓環,113-11,113,11,1,1,0,1,1,1,1,1,4,0,0,0,1,0,0,0,0,0,0,0,0,0,0,1,0
三多商圈圓環,113-12,113,12,0,0,0,0,0,0,1,1,4,0,0,0,1,0,0,0,0,0,0,0,0,0,0,0,1
三多商圈圓環,114-01,114,1,0,0,0,0,0,0,1,1,4,0,0,0,0,1,0,0,0,0,0,0,0,0,0,0,0
三多商圈圓環,114-02,114,2,0,0,0,0,0,0,1,1,4,0,0,0,0,1,1,0,0,0,0,0,0,0,0,0,0
三多商圈圓環,114-03,114,3,0,0,0,0,0,0,1,1,4,0,0,0,0,1,0,1,0,0,0,0,0,0,0,0,0
三多商圈圓環,114-04,114,4,0,0,0,0,0,0,1,1,4,0,0,0,0,1,0,0,1,0,0,0,0,0,0,0,0
三多商圈圓環,114-05,114,5,0,0,0,0,0,0,1,1,4,0,0,0,0,1,0,0,0,1,0,0,0,0,0,0,0
三多商圈圓環,114-06,114,6,1,1,0,1,1,1,1,1,4,0,0,0,0,1,0,0,0,0,1,0,0,0,0,0,0
三多商圈圓環,114-07,114,7,0,0,0,0,0,0,1,1,4,0,0,0,0,1,0,0,0,0,0,1,0,0,0,0,0
三多商圈圓環,114-08,114,8,0,0,0,0,0,0,1,1,4,0,0,0,0,1,0,0,0,0,0,0,1,0,0,0,0
三多商圈圓環,114-09,114,9,1,1,1,1,0,0,1,1,4,0,0,0,0,1,0,0,0,0,0,0,0,1,0,0,0
三多商圈圓環,114-10,114,10,0,0,0,0,0,0,1,1,4,0,0,0,0,1,0,0,0,0,0,0,0,0,1,0,0
三多商圈圓環,114-11,114,11,0,0,0,0,0,0,1,1,4,0,0,0,0,1,0,0,0,0,0,0,0,0,0,1,0
三多商圈圓環,114-12,114,12,1,1,0,1,0,0,1,1,4,0,0,0,0,1,0,0,0,0,0,0,0,0,0,0,1
Mango_ctrl_8,109-01,109,1,0,0,0,0,0,0,0,0,5,0,0,0,0,0,0,0,0,0,0,0,0,0,0,0,0
Mango_ctrl_8,109-02,109,2,0,0,0,0,0,0,0,0,5,0,0,0,0,0,1,0,0,0,0,0,0,0,0,0,0
Mango_ctrl_8,109-03,109,3,0,0,0,0,0,0,0,0,5,0,0,0,0,0,0,1,0,0,0,0,0,0,0,0,0
Mango_ctrl_8,109-04,109,4,0,0,0,0,0,0,0,0,5,0,0,0,0,0,0,0,1,0,0,0,0,0,0,0,0
Mango_ctrl_8,109-05,109,5,0,0,0,0,0,0,0,0,5,0,0,0,0,0,0,0,0,1,0,0,0,0,0,0,0
Mango_ctrl_8,109-06,109,6,0,0,0,0,0,0,0,0,5,0,0,0,0,0,0,0,0,0,1,0,0,0,0,0,0
Mango_ctrl_8,109-07,109,7,1,1,0,1,1,1,0,0,5,0,0,0,0,0,0,0,0,0,0,1,0,0,0,0,0
Mango_ctrl_8,109-08,109,8,0,0,0,0,0,0,0,0,5,0,0,0,0,0,0,0,0,0,0,0,1,0,0,0,0
Mango_ctrl_8,109-09,109,9,0,0,0,0,0,0,0,0,5,0,0,0,0,0,0,0,0,0,0,0,0,1,0,0,0
Mango_ctrl_8,109-10,109,10,0,0,0,0,0,0,0,0,5,0,0,0,0,0,0,0,0,0,0,0,0,0,1,0,0
Mango_ctrl_8,109-11,109,11,0,0,0,0,0,0,0,0,5,0,0,0,0,0,0,0,0,0,0,0,0,0,0,1,0
Mango_ctrl_8,109-12,109,12,2,2,0,2,1,1,0,0,5,0,0,0,0,0,0,0,0,0,0,0,0,0,0,0,1
Mango_ctrl_8,110-01,110,1,0,0,0,0,0,0,0,0,5,1,0,0,0,0,0,0,0,0,0,0,0,0,0,0,0
Mango_ctrl_8,110-02,110,2,0,0,0,0,0,0,0,0,5,1,0,0,0,0,1,0,0,0,0,0,0,0,0,0,0
Mango_ctrl_8,110-03,110,3,0,0,0,0,0,0,0,0,5,1,0,0,0,0,0,1,0,0,0,0,0,0,0,0,0
Mango_ctrl_8,110-04,110,4,0,0,0,0,0,0,0,0,5,1,0,0,0,0,0,0,1,0,0,0,0,0,0,0,0
Mango_ctrl_8,110-05,110,5,1,1,0,1,1,1,0,0,5,1,0,0,0,0,0,0,0,1,0,0,0,0,0,0,0
Mango_ctrl_8,110-06,110,6,1,1,1,1,0,0,0,0,5,1,0,0,0,0,0,0,0,0,1,0,0,0,0,0,0
Mango_ctrl_8,110-07,110,7,0,0,0,0,0,0,0,0,5,1,0,0,0,0,0,0,0,0,0,1,0,0,0,0,0
Mango_ctrl_8,110-08,110,8,0,0,0,0,0,0,0,0,5,1,0,0,0,0,0,0,0,0,0,0,1,0,0,0,0
Mango_ctrl_8,110-09,110,9,0,0,0,0,0,0,0,0,5,1,0,0,0,0,0,0,0,0,0,0,0,1,0,0,0
Mango_ctrl_8,110-10,110,10,0,0,0,0,0,0,0,0,5,1,0,0,0,0,0,0,0,0,0,0,0,0,1,0,0
Mango_ctrl_8,110-11,110,11,0,0,0,0,0,0,0,0,5,1,0,0,0,0,0,0,0,0,0,0,0,0,0,1,0
Mango_ctrl_8,110-12,110,12,0,0,0,0,0,0,0,0,5,1,0,0,0,0,0,0,0,0,0,0,0,0,0,0,1
Mango_ctrl_8,111-01,111,1,1,1,0,1,1,1,0,0,5,0,1,0,0,0,0,0,0,0,0,0,0,0,0,0,0
Mango_ctrl_8,111-02,111,2,0,0,0,0,0,0,0,0,5,0,1,0,0,0,1,0,0,0,0,0,0,0,0,0,0
Mango_ctrl_8,111-03,111,3,2,2,1,2,1,1,0,0,5,0,1,0,0,0,0,1,0,0,0,0,0,0,0,0,0
Mango_ctrl_8,111-04,111,4,0,0,0,0,0,0,0,0,5,0,1,0,0,0,0,0,1,0,0,0,0,0,0,0,0
Mango_ctrl_8,111-05,111,5,0,0,0,0,0,0,0,0,5,0,1,0,0,0,0,0,0,1,0,0,0,0,0,0,0
Mango_ctrl_8,111-06,111,6,0,0,0,0,0,0,0,0,5,0,1,0,0,0,0,0,0,0,1,0,0,0,0,0,0
Mango_ctrl_8,111-07,111,7,1,1,1,1,0,0,0,0,5,0,1,0,0,0,0,0,0,0,0,1,0,0,0,0,0
Mango_ctrl_8,111-08,111,8,0,0,0,0,0,0,0,0,5,0,1,0,0,0,0,0,0,0,0,0,1,0,0,0,0
Mango_ctrl_8,111-09,111,9,0,0,0,0,0,0,0,0,5,0,1,0,0,0,0,0,0,0,0,0,0,1,0,0,0
Mango_ctrl_8,111-10,111,10,0,0,0,0,0,0,0,0,5,0,1,0,0,0,0,0,0,0,0,0,0,0,1,0,0
Mango_ctrl_8,111-11,111,11,0,0,0,0,0,0,0,0,5,0,1,0,0,0,0,0,0,0,0,0,0,0,0,1,0
Mango_ctrl_8,111-12,111,12,0,0,0,0,0,0,0,0,5,0,1,0,0,0,0,0,0,0,0,0,0,0,0,0,1
Mango_ctrl_8,112-01,112,1,0,0,0,0,0,0,0,0,5,0,0,1,0,0,0,0,0,0,0,0,0,0,0,0,0
Mango_ctrl_8,112-02,112,2,0,0,0,0,0,0,0,0,5,0,0,1,0,0,1,0,0,0,0,0,0,0,0,0,0
Mango_ctrl_8,112-03,112,3,0,0,0,0,0,0,0,0,5,0,0,1,0,0,0,1,0,0,0,0,0,0,0,0,0
Mango_ctrl_8,112-04,112,4,1,1,0,1,0,0,0,0,5,0,0,1,0,0,0,0,1,0,0,0,0,0,0,0,0
Mango_ctrl_8,112-05,112,5,0,0,0,0,0,0,0,0,5,0,0,1,0,0,0,0,0,1,0,0,0,0,0,0,0
Mango_ctrl_8,112-06,112,6,1,1,0,1,0,1,0,0,5,0,0,1,0,0,0,0,0,0,1,0,0,0,0,0,0
Mango_ctrl_8,112-07,112,7,1,1,0,1,1,1,0,0,5,0,0,1,0,0,0,0,0,0,0,1,0,0,0,0,0
Mango_ctrl_8,112-08,112,8,1,1,1,1,0,0,0,0,5,0,0,1,0,0,0,0,0,0,0,0,1,0,0,0,0
Mango_ctrl_8,112-09,112,9,1,1,0,1,1,1,0,0,5,0,0,1,0,0,0,0,0,0,0,0,0,1,0,0,0
Mango_ctrl_8,112-10,112,10,1,1,0,1,1,1,0,0,5,0,0,1,0,0,0,0,0,0,0,0,0,0,1,0,0
Mango_ctrl_8,112-11,112,11,0,0,0,0,0,0,0,0,5,0,0,1,0,0,0,0,0,0,0,0,0,0,0,1,0
Mango_ctrl_8,112-12,112,12,0,0,0,0,0,0,0,0,5,0,0,1,0,0,0,0,0,0,0,0,0,0,0,0,1
Mango_ctrl_8,113-01,113,1,2,2,0,2,1,2,0,0,5,0,0,0,1,0,0,0,0,0,0,0,0,0,0,0,0
Mango_ctrl_8,113-02,113,2,0,0,0,0,0,0,0,0,5,0,0,0,1,0,1,0,0,0,0,0,0,0,0,0,0
Mango_ctrl_8,113-03,113,3,0,0,0,0,0,0,0,0,5,0,0,0,1,0,0,1,0,0,0,0,0,0,0,0,0
Mango_ctrl_8,113-04,113,4,0,0,0,0,0,0,0,0,5,0,0,0,1,0,0,0,1,0,0,0,0,0,0,0,0
Mango_ctrl_8,113-05,113,5,1,1,0,1,1,1,0,0,5,0,0,0,1,0,0,0,0,1,0,0,0,0,0,0,0
Mango_ctrl_8,113-06,113,6,0,0,0,0,0,0,0,0,5,0,0,0,1,0,0,0,0,0,1,0,0,0,0,0,0
Mango_ctrl_8,113-07,113,7,1,1,1,1,0,0,0,0,5,0,0,0,1,0,0,0,0,0,0,1,0,0,0,0,0
Mango_ctrl_8,113-08,113,8,0,0,0,0,0,0,0,0,5,0,0,0,1,0,0,0,0,0,0,0,1,0,0,0,0
Mango_ctrl_8,113-09,113,9,0,0,0,0,0,0,0,0,5,0,0,0,1,0,0,0,0,0,0,0,0,1,0,0,0
Mango_ctrl_8,113-10,113,10,0,0,0,0,0,0,0,0,5,0,0,0,1,0,0,0,0,0,0,0,0,0,1,0,0
Mango_ctrl_8,113-11,113,11,0,0,0,0,0,0,0,0,5,0,0,0,1,0,0,0,0,0,0,0,0,0,0,1,0
Mango_ctrl_8,113-12,113,12,0,0,0,0,0,0,0,0,5,0,0,0,1,0,0,0,0,0,0,0,0,0,0,0,1
Mango_ctrl_8,114-01,114,1,0,0,0,0,0,0,0,0,5,0,0,0,0,1,0,0,0,0,0,0,0,0,0,0,0
Mango_ctrl_8,114-02,114,2,0,0,0,0,0,0,0,0,5,0,0,0,0,1,1,0,0,0,0,0,0,0,0,0,0
Mango_ctrl_8,114-03,114,3,0,0,0,0,0,0,0,0,5,0,0,0,0,1,0,1,0,0,0,0,0,0,0,0,0
Mango_ctrl_8,114-04,114,4,0,0,0,0,0,0,0,0,5,0,0,0,0,1,0,0,1,0,0,0,0,0,0,0,0
Mango_ctrl_8,114-05,114,5,0,0,0,0,0,0,0,0,5,0,0,0,0,1,0,0,0,1,0,0,0,0,0,0,0
Mango_ctrl_8,114-06,114,6,0,0,0,0,0,0,0,0,5,0,0,0,0,1,0,0,0,0,1,0,0,0,0,0,0
Mango_ctrl_8,114-07,114,7,0,0,0,0,0,0,0,0,5,0,0,0,0,1,0,0,0,0,0,1,0,0,0,0,0
Mango_ctrl_8,114-08,114,8,0,0,0,0,0,0,0,0,5,0,0,0,0,1,0,0,0,0,0,0,1,0,0,0,0
Mango_ctrl_8,114-09,114,9,0,0,0,0,0,0,0,0,5,0,0,0,0,1,0,0,0,0,0,0,0,1,0,0,0
Mango_ctrl_8,114-10,114,10,0,0,0,0,0,0,0,0,5,0,0,0,0,1,0,0,0,0,0,0,0,0,1,0,0
Mango_ctrl_8,114-11,114,11,0,0,0,0,0,0,0,0,5,0,0,0,0,1,0,0,0,0,0,0,0,0,0,1,0
Mango_ctrl_8,114-12,114,12,0,0,0,0,0,0,0,0,5,0,0,0,0,1,0,0,0,0,0,0,0,0,0,0,1
芒果圓環,109-01,109,1,2,2,1,2,1,1,0,1,5,0,0,0,0,0,0,0,0,0,0,0,0,0,0,0,0
芒果圓環,109-02,109,2,0,0,0,0,0,0,0,1,5,0,0,0,0,0,1,0,0,0,0,0,0,0,0,0,0
芒果圓環,109-03,109,3,0,0,0,0,0,0,0,1,5,0,0,0,0,0,0,1,0,0,0,0,0,0,0,0,0
芒果圓環,109-04,109,4,0,0,0,0,0,0,0,1,5,0,0,0,0,0,0,0,1,0,0,0,0,0,0,0,0
芒果圓環,109-05,109,5,0,0,0,0,0,0,0,1,5,0,0,0,0,0,0,0,0,1,0,0,0,0,0,0,0
芒果圓環,109-06,109,6,1,1,0,1,1,1,0,1,5,0,0,0,0,0,0,0,0,0,1,0,0,0,0,0,0
芒果圓環,109-07,109,7,0,0,0,0,0,0,0,1,5,0,0,0,0,0,0,0,0,0,0,1,0,0,0,0,0
芒果圓環,109-08,109,8,1,0,0,0,1,1,0,1,5,0,0,0,0,0,0,0,0,0,0,0,1,0,0,0,0
芒果圓環,109-09,109,9,0,0,0,0,0,0,0,1,5,0,0,0,0,0,0,0,0,0,0,0,0,1,0,0,0
芒果圓環,109-10,109,10,1,1,0,1,1,1,0,1,5,0,0,0,0,0,0,0,0,0,0,0,0,0,1,0,0
芒果圓環,109-11,109,11,0,0,0,0,0,0,0,1,5,0,0,0,0,0,0,0,0,0,0,0,0,0,0,1,0
芒果圓環,109-12,109,12,0,0,0,0,0,0,0,1,5,0,0,0,0,0,0,0,0,0,0,0,0,0,0,0,1
芒果圓環,110-01,110,1,0,0,0,0,0,0,0,1,5,1,0,0,0,0,0,0,0,0,0,0,0,0,0,0,0
芒果圓環,110-02,110,2,0,0,0,0,0,0,0,1,5,1,0,0,0,0,1,0,0,0,0,0,0,0,0,0,0
芒果圓環,110-03,110,3,0,0,0,0,0,0,0,1,5,1,0,0,0,0,0,1,0,0,0,0,0,0,0,0,0
芒果圓環,110-04,110,4,1,1,0,1,0,0,0,1,5,1,0,0,0,0,0,0,1,0,0,0,0,0,0,0,0
芒果圓環,110-05,110,5,0,0,0,0,0,0,0,1,5,1,0,0,0,0,0,0,0,1,0,0,0,0,0,0,0
芒果圓環,110-06,110,6,0,0,0,0,0,0,0,1,5,1,0,0,0,0,0,0,0,0,1,0,0,0,0,0,0
芒果圓環,110-07,110,7,0,0,0,0,0,0,0,1,5,1,0,0,0,0,0,0,0,0,0,1,0,0,0,0,0
芒果圓環,110-08,110,8,1,1,0,1,1,1,0,1,5,1,0,0,0,0,0,0,0,0,0,0,1,0,0,0,0
芒果圓環,110-09,110,9,0,0,0,0,0,0,0,1,5,1,0,0,0,0,0,0,0,0,0,0,0,1,0,0,0
芒果圓環,110-10,110,10,1,1,0,1,1,1,0,1,5,1,0,0,0,0,0,0,0,0,0,0,0,0,1,0,0
芒果圓環,110-11,110,11,1,1,0,1,1,1,0,1,5,1,0,0,0,0,0,0,0,0,0,0,0,0,0,1,0
芒果圓環,110-12,110,12,0,0,0,0,0,0,0,1,5,1,0,0,0,0,0,0,0,0,0,0,0,0,0,0,1
芒果圓環,111-01,111,1,0,0,0,0,0,0,0,1,5,0,1,0,0,0,0,0,0,0,0,0,0,0,0,0,0
芒果圓環,111-02,111,2,0,0,0,0,0,0,0,1,5,0,1,0,0,0,1,0,0,0,0,0,0,0,0,0,0
芒果圓環,111-03,111,3,0,0,0,0,0,0,0,1,5,0,1,0,0,0,0,1,0,0,0,0,0,0,0,0,0
芒果圓環,111-04,111,4,0,0,0,0,0,0,0,1,5,0,1,0,0,0,0,0,1,0,0,0,0,0,0,0,0
芒果圓環,111-05,111,5,0,0,0,0,0,0,0,1,5,0,1,0,0,0,0,0,0,1,0,0,0,0,0,0,0
芒果圓環,111-06,111,6,0,0,0,0,0,0,0,1,5,0,1,0,0,0,0,0,0,0,1,0,0,0,0,0,0
芒果圓環,111-07,111,7,1,1,1,1,0,0,0,1,5,0,1,0,0,0,0,0,0,0,0,1,0,0,0,0,0
芒果圓環,111-08,111,8,0,0,0,0,0,0,0,1,5,0,1,0,0,0,0,0,0,0,0,0,1,0,0,0,0
芒果圓環,111-09,111,9,0,0,0,0,0,0,0,1,5,0,1,0,0,0,0,0,0,0,0,0,0,1,0,0,0
芒果圓環,111-10,111,10,1,1,0,1,1,1,0,1,5,0,1,0,0,0,0,0,0,0,0,0,0,0,1,0,0
芒果圓環,111-11,111,11,0,0,0,0,0,0,0,1,5,0,1,0,0,0,0,0,0,0,0,0,0,0,0,1,0
芒果圓環,111-12,111,12,0,0,0,0,0,0,0,1,5,0,1,0,0,0,0,0,0,0,0,0,0,0,0,0,1
芒果圓環,112-01,112,1,1,1,1,1,0,0,0,1,5,0,0,1,0,0,0,0,0,0,0,0,0,0,0,0,0
芒果圓環,112-02,112,2,1,0,0,0,1,1,0,1,5,0,0,1,0,0,1,0,0,0,0,0,0,0,0,0,0
芒果圓環,112-03,112,3,0,0,0,0,0,0,0,1,5,0,0,1,0,0,0,1,0,0,0,0,0,0,0,0,0
芒果圓環,112-04,112,4,1,0,0,0,1,1,0,1,5,0,0,1,0,0,0,0,1,0,0,0,0,0,0,0,0
芒果圓環,112-05,112,5,0,0,0,0,0,0,0,1,5,0,0,1,0,0,0,0,0,1,0,0,0,0,0,0,0
芒果圓環,112-06,112,6,1,0,0,0,1,1,0,1,5,0,0,1,0,0,0,0,0,0,1,0,0,0,0,0,0
芒果圓環,112-07,112,7,0,0,0,0,0,0,0,1,5,0,0,1,0,0,0,0,0,0,0,1,0,0,0,0,0
芒果圓環,112-08,112,8,0,0,0,0,0,0,0,1,5,0,0,1,0,0,0,0,0,0,0,0,1,0,0,0,0
芒果圓環,112-09,112,9,1,1,0,1,1,1,0,1,5,0,0,1,0,0,0,0,0,0,0,0,0,1,0,0,0
芒果圓環,112-10,112,10,1,0,0,0,1,1,0,1,5,0,0,1,0,0,0,0,0,0,0,0,0,0,1,0,0
芒果圓環,112-11,112,11,1,1,0,1,1,1,0,1,5,0,0,1,0,0,0,0,0,0,0,0,0,0,0,1,0
芒果圓環,112-12,112,12,1,0,0,0,1,1,0,1,5,0,0,1,0,0,0,0,0,0,0,0,0,0,0,0,1
芒果圓環,113-01,113,1,1,1,0,1,1,1,0,1,5,0,0,0,1,0,0,0,0,0,0,0,0,0,0,0,0
芒果圓環,113-02,113,2,0,0,0,0,0,0,0,1,5,0,0,0,1,0,1,0,0,0,0,0,0,0,0,0,0
芒果圓環,113-03,113,3,0,0,0,0,0,0,0,1,5,0,0,0,1,0,0,1,0,0,0,0,0,0,0,0,0
芒果圓環,113-04,113,4,1,1,0,1,1,1,0,1,5,0,0,0,1,0,0,0,1,0,0,0,0,0,0,0,0
芒果圓環,113-05,113,5,0,0,0,0,0,0,0,1,5,0,0,0,1,0,0,0,0,1,0,0,0,0,0,0,0
芒果圓環,113-06,113,6,0,0,0,0,0,0,0,1,5,0,0,0,1,0,0,0,0,0,1,0,0,0,0,0,0
芒果圓環,113-07,113,7,0,0,0,0,0,0,0,1,5,0,0,0,1,0,0,0,0,0,0,1,0,0,0,0,0
芒果圓環,113-08,113,8,0,0,0,0,0,0,0,1,5,0,0,0,1,0,0,0,0,0,0,0,1,0,0,0,0
芒果圓環,113-09,113,9,0,0,0,0,0,0,0,1,5,0,0,0,1,0,0,0,0,0,0,0,0,1,0,0,0
芒果圓環,114-02,114,2,0,0,0,0,0,0,1,1,5,0,0,0,0,1,1,0,0,0,0,0,0,0,0,0,0
芒果圓環,114-03,114,3,0,0,0,0,0,0,1,1,5,0,0,0,0,1,0,1,0,0,0,0,0,0,0,0,0
芒果圓環,114-04,114,4,1,1,0,1,1,1,1,1,5,0,0,0,0,1,0,0,1,0,0,0,0,0,0,0,0
芒果圓環,114-05,114,5,0,0,0,0,0,0,1,1,5,0,0,0,0,1,0,0,0,1,0,0,0,0,0,0,0
芒果圓環,114-06,114,6,0,0,0,0,0,0,1,1,5,0,0,0,0,1,0,0,0,0,1,0,0,0,0,0,0
芒果圓環,114-07,114,7,0,0,0,0,0,0,1,1,5,0,0,0,0,1,0,0,0,0,0,1,0,0,0,0,0
芒果圓環,114-08,114,8,1,1,0,1,1,1,1,1,5,0,0,0,0,1,0,0,0,0,0,0,1,0,0,0,0
芒果圓環,114-09,114,9,1,0,0,0,1,1,1,1,5,0,0,0,0,1,0,0,0,0,0,0,0,1,0,0,0
芒果圓環,114-10,114,10,0,0,0,0,0,0,1,1,5,0,0,0,0,1,0,0,0,0,0,0,0,0,1,0,0
芒果圓環,114-11,114,11,0,0,0,0,0,0,1,1,5,0,0,0,0,1,0,0,0,0,0,0,0,0,0,1,0
芒果圓環,114-12,114,12,0,0,0,0,0,0,1,1,5,0,0,0,0,1,0,0,0,0,0,0,0,0,0,0,1
Gunshan_ctrl_3,109-01,109,1,1,1,1,1,0,0,0,0,6,0,0,0,0,0,0,0,0,0,0,0,0,0,0,0,0
Gunshan_ctrl_3,109-02,109,2,0,0,0,0,0,0,0,0,6,0,0,0,0,0,1,0,0,0,0,0,0,0,0,0,0
Gunshan_ctrl_3,109-03,109,3,0,0,0,0,0,0,0,0,6,0,0,0,0,0,0,1,0,0,0,0,0,0,0,0,0
Gunshan_ctrl_3,109-04,109,4,1,1,0,1,1,1,0,0,6,0,0,0,0,0,0,0,1,0,0,0,0,0,0,0,0
Gunshan_ctrl_3,109-05,109,5,1,1,0,1,1,1,0,0,6,0,0,0,0,0,0,0,0,1,0,0,0,0,0,0,0
Gunshan_ctrl_3,109-06,109,6,0,0,0,0,0,0,0,0,6,0,0,0,0,0,0,0,0,0,1,0,0,0,0,0,0
Gunshan_ctrl_3,109-07,109,7,1,1,1,1,0,0,0,0,6,0,0,0,0,0,0,0,0,0,0,1,0,0,0,0,0
Gunshan_ctrl_3,109-08,109,8,0,0,0,0,0,0,0,0,6,0,0,0,0,0,0,0,0,0,0,0,1,0,0,0,0
Gunshan_ctrl_3,109-09,109,9,0,0,0,0,0,0,0,0,6,0,0,0,0,0,0,0,0,0,0,0,0,1,0,0,0
Gunshan_ctrl_3,109-10,109,10,1,1,1,1,0,0,0,0,6,0,0,0,0,0,0,0,0,0,0,0,0,0,1,0,0
Gunshan_ctrl_3,109-11,109,11,0,0,0,0,0,0,0,0,6,0,0,0,0,0,0,0,0,0,0,0,0,0,0,1,0
Gunshan_ctrl_3,109-12,109,12,0,0,0,0,0,0,0,0,6,0,0,0,0,0,0,0,0,0,0,0,0,0,0,0,1
Gunshan_ctrl_3,110-01,110,1,0,0,0,0,0,0,0,0,6,1,0,0,0,0,0,0,0,0,0,0,0,0,0,0,0
Gunshan_ctrl_3,110-02,110,2,0,0,0,0,0,0,0,0,6,1,0,0,0,0,1,0,0,0,0,0,0,0,0,0,0
Gunshan_ctrl_3,110-03,110,3,0,0,0,0,0,0,0,0,6,1,0,0,0,0,0,1,0,0,0,0,0,0,0,0,0
Gunshan_ctrl_3,110-04,110,4,0,0,0,0,0,0,0,0,6,1,0,0,0,0,0,0,1,0,0,0,0,0,0,0,0
Gunshan_ctrl_3,110-05,110,5,0,0,0,0,0,0,0,0,6,1,0,0,0,0,0,0,0,1,0,0,0,0,0,0,0
Gunshan_ctrl_3,110-06,110,6,0,0,0,0,0,0,0,0,6,1,0,0,0,0,0,0,0,0,1,0,0,0,0,0,0
Gunshan_ctrl_3,110-07,110,7,0,0,0,0,0,0,0,0,6,1,0,0,0,0,0,0,0,0,0,1,0,0,0,0,0
Gunshan_ctrl_3,110-08,110,8,0,0,0,0,0,0,0,0,6,1,0,0,0,0,0,0,0,0,0,0,1,0,0,0,0
Gunshan_ctrl_3,110-09,110,9,0,0,0,0,0,0,0,0,6,1,0,0,0,0,0,0,0,0,0,0,0,1,0,0,0
Gunshan_ctrl_3,110-10,110,10,0,0,0,0,0,0,0,0,6,1,0,0,0,0,0,0,0,0,0,0,0,0,1,0,0
Gunshan_ctrl_3,110-11,110,11,1,1,1,1,0,0,0,0,6,1,0,0,0,0,0,0,0,0,0,0,0,0,0,1,0
Gunshan_ctrl_3,110-12,110,12,0,0,0,0,0,0,0,0,6,1,0,0,0,0,0,0,0,0,0,0,0,0,0,0,1
Gunshan_ctrl_3,111-01,111,1,0,0,0,0,0,0,0,0,6,0,1,0,0,0,0,0,0,0,0,0,0,0,0,0,0
Gunshan_ctrl_3,111-02,111,2,2,2,2,2,0,0,0,0,6,0,1,0,0,0,1,0,0,0,0,0,0,0,0,0,0
Gunshan_ctrl_3,111-03,111,3,0,0,0,0,0,0,0,0,6,0,1,0,0,0,0,1,0,0,0,0,0,0,0,0,0
Gunshan_ctrl_3,111-04,111,4,0,0,0,0,0,0,0,0,6,0,1,0,0,0,0,0,1,0,0,0,0,0,0,0,0
Gunshan_ctrl_3,111-05,111,5,0,0,0,0,0,0,0,0,6,0,1,0,0,0,0,0,0,1,0,0,0,0,0,0,0
Gunshan_ctrl_3,111-06,111,6,2,2,1,2,1,1,0,0,6,0,1,0,0,0,0,0,0,0,1,0,0,0,0,0,0
Gunshan_ctrl_3,111-07,111,7,0,0,0,0,0,0,0,0,6,0,1,0,0,0,0,0,0,0,0,1,0,0,0,0,0
Gunshan_ctrl_3,111-08,111,8,0,0,0,0,0,0,0,0,6,0,1,0,0,0,0,0,0,0,0,0,1,0,0,0,0
Gunshan_ctrl_3,111-09,111,9,0,0,0,0,0,0,0,0,6,0,1,0,0,0,0,0,0,0,0,0,0,1,0,0,0
Gunshan_ctrl_3,111-10,111,10,0,0,0,0,0,0,0,0,6,0,1,0,0,0,0,0,0,0,0,0,0,0,1,0,0
Gunshan_ctrl_3,111-11,111,11,0,0,0,0,0,0,0,0,6,0,1,0,0,0,0,0,0,0,0,0,0,0,0,1,0
Gunshan_ctrl_3,111-12,111,12,1,1,0,1,1,1,0,0,6,0,1,0,0,0,0,0,0,0,0,0,0,0,0,0,1
Gunshan_ctrl_3,112-01,112,1,1,1,0,1,1,1,0,0,6,0,0,1,0,0,0,0,0,0,0,0,0,0,0,0,0
Gunshan_ctrl_3,112-02,112,2,2,2,2,2,0,0,0,0,6,0,0,1,0,0,1,0,0,0,0,0,0,0,0,0,0
Gunshan_ctrl_3,112-03,112,3,3,3,0,3,3,3,0,0,6,0,0,1,0,0,0,1,0,0,0,0,0,0,0,0,0
Gunshan_ctrl_3,112-04,112,4,2,1,1,1,1,1,0,0,6,0,0,1,0,0,0,0,1,0,0,0,0,0,0,0,0
Gunshan_ctrl_3,112-05,112,5,0,0,0,0,0,0,0,0,6,0,0,1,0,0,0,0,0,1,0,0,0,0,0,0,0
Gunshan_ctrl_3,112-06,112,6,0,0,0,0,0,0,0,0,6,0,0,1,0,0,0,0,0,0,1,0,0,0,0,0,0
Gunshan_ctrl_3,112-07,112,7,0,0,0,0,0,0,0,0,6,0,0,1,0,0,0,0,0,0,0,1,0,0,0,0,0
Gunshan_ctrl_3,112-08,112,8,0,0,0,0,0,0,0,0,6,0,0,1,0,0,0,0,0,0,0,0,1,0,0,0,0
Gunshan_ctrl_3,112-09,112,9,0,0,0,0,0,0,0,0,6,0,0,1,0,0,0,0,0,0,0,0,0,1,0,0,0
Gunshan_ctrl_3,112-10,112,10,1,1,0,1,1,1,0,0,6,0,0,1,0,0,0,0,0,0,0,0,0,0,1,0,0
Gunshan_ctrl_3,112-11,112,11,0,0,0,0,0,0,0,0,6,0,0,1,0,0,0,0,0,0,0,0,0,0,0,1,0
Gunshan_ctrl_3,112-12,112,12,0,0,0,0,0,0,0,0,6,0,0,1,0,0,0,0,0,0,0,0,0,0,0,0,1
Gunshan_ctrl_3,113-01,113,1,0,0,0,0,0,0,0,0,6,0,0,0,1,0,0,0,0,0,0,0,0,0,0,0,0
Gunshan_ctrl_3,113-02,113,2,0,0,0,0,0,0,0,0,6,0,0,0,1,0,1,0,0,0,0,0,0,0,0,0,0
Gunshan_ctrl_3,113-03,113,3,0,0,0,0,0,0,0,0,6,0,0,0,1,0,0,1,0,0,0,0,0,0,0,0,0
Gunshan_ctrl_3,113-04,113,4,1,0,0,0,1,1,0,0,6,0,0,0,1,0,0,0,1,0,0,0,0,0,0,0,0
Gunshan_ctrl_3,113-05,113,5,0,0,0,0,0,0,0,0,6,0,0,0,1,0,0,0,0,1,0,0,0,0,0,0,0
Gunshan_ctrl_3,113-06,113,6,0,0,0,0,0,0,0,0,6,0,0,0,1,0,0,0,0,0,1,0,0,0,0,0,0
Gunshan_ctrl_3,113-07,113,7,0,0,0,0,0,0,0,0,6,0,0,0,1,0,0,0,0,0,0,1,0,0,0,0,0
Gunshan_ctrl_3,113-08,113,8,0,0,0,0,0,0,0,0,6,0,0,0,1,0,0,0,0,0,0,0,1,0,0,0,0
Gunshan_ctrl_3,113-09,113,9,0,0,0,0,0,0,0,0,6,0,0,0,1,0,0,0,0,0,0,0,0,1,0,0,0
Gunshan_ctrl_3,113-10,113,10,0,0,0,0,0,0,0,0,6,0,0,0,1,0,0,0,0,0,0,0,0,0,1,0,0
Gunshan_ctrl_3,113-11,113,11,0,0,0,0,0,0,0,0,6,0,0,0,1,0,0,0,0,0,0,0,0,0,0,1,0
Gunshan_ctrl_3,113-12,113,12,0,0,0,0,0,0,0,0,6,0,0,0,1,0,0,0,0,0,0,0,0,0,0,0,1
Gunshan_ctrl_3,114-01,114,1,0,0,0,0,0,0,0,0,6,0,0,0,0,1,0,0,0,0,0,0,0,0,0,0,0
Gunshan_ctrl_3,114-02,114,2,0,0,0,0,0,0,0,0,6,0,0,0,0,1,1,0,0,0,0,0,0,0,0,0,0
Gunshan_ctrl_3,114-03,114,3,1,1,1,1,0,0,0,0,6,0,0,0,0,1,0,1,0,0,0,0,0,0,0,0,0
Gunshan_ctrl_3,114-04,114,4,0,0,0,0,0,0,0,0,6,0,0,0,0,1,0,0,1,0,0,0,0,0,0,0,0
Gunshan_ctrl_3,114-05,114,5,0,0,0,0,0,0,0,0,6,0,0,0,0,1,0,0,0,1,0,0,0,0,0,0,0
Gunshan_ctrl_3,114-06,114,6,0,0,0,0,0,0,0,0,6,0,0,0,0,1,0,0,0,0,1,0,0,0,0,0,0
Gunshan_ctrl_3,114-07,114,7,0,0,0,0,0,0,0,0,6,0,0,0,0,1,0,0,0,0,0,1,0,0,0,0,0
Gunshan_ctrl_3,114-08,114,8,1,1,1,1,0,0,0,0,6,0,0,0,0,1,0,0,0,0,0,0,1,0,0,0,0
Gunshan_ctrl_3,114-09,114,9,0,0,0,0,0,0,0,0,6,0,0,0,0,1,0,0,0,0,0,0,0,1,0,0,0
Gunshan_ctrl_3,114-10,114,10,0,0,0,0,0,0,0,0,6,0,0,0,0,1,0,0,0,0,0,0,0,0,1,0,0
Gunshan_ctrl_3,114-11,114,11,1,1,1,1,0,0,0,0,6,0,0,0,0,1,0,0,0,0,0,0,0,0,0,1,0
Gunshan_ctrl_3,114-12,114,12,0,0,0,0,0,0,0,0,6,0,0,0,0,1,0,0,0,0,0,0,0,0,0,0,1
岡山圓環,109-01,109,1,0,0,0,0,0,0,0,1,6,0,0,0,0,0,0,0,0,0,0,0,0,0,0,0,0
岡山圓環,109-02,109,2,0,0,0,0,0,0,0,1,6,0,0,0,0,0,1,0,0,0,0,0,0,0,0,0,0
岡山圓環,109-03,109,3,0,0,0,0,0,0,0,1,6,0,0,0,0,0,0,1,0,0,0,0,0,0,0,0,0
岡山圓環,109-04,109,4,0,0,0,0,0,0,0,1,6,0,0,0,0,0,0,0,1,0,0,0,0,0,0,0,0
岡山圓環,109-05,109,5,2,2,0,2,1,1,0,1,6,0,0,0,0,0,0,0,0,1,0,0,0,0,0,0,0
岡山圓環,109-06,109,6,0,0,0,0,0,0,0,1,6,0,0,0,0,0,0,0,0,0,1,0,0,0,0,0,0
岡山圓環,109-07,109,7,0,0,0,0,0,0,0,1,6,0,0,0,0,0,0,0,0,0,0,1,0,0,0,0,0
岡山圓環,109-08,109,8,0,0,0,0,0,0,0,1,6,0,0,0,0,0,0,0,0,0,0,0,1,0,0,0,0
岡山圓環,109-09,109,9,0,0,0,0,0,0,0,1,6,0,0,0,0,0,0,0,0,0,0,0,0,1,0,0,0
岡山圓環,109-10,109,10,0,0,0,0,0,0,0,1,6,0,0,0,0,0,0,0,0,0,0,0,0,0,1,0,0
岡山圓環,109-11,109,11,0,0,0,0,0,0,0,1,6,0,0,0,0,0,0,0,0,0,0,0,0,0,0,1,0
岡山圓環,109-12,109,12,1,1,1,1,0,0,0,1,6,0,0,0,0,0,0,0,0,0,0,0,0,0,0,0,1
岡山圓環,110-01,110,1,1,1,0,1,1,1,0,1,6,1,0,0,0,0,0,0,0,0,0,0,0,0,0,0,0
岡山圓環,110-02,110,2,0,0,0,0,0,0,0,1,6,1,0,0,0,0,1,0,0,0,0,0,0,0,0,0,0
岡山圓環,110-03,110,3,0,0,0,0,0,0,0,1,6,1,0,0,0,0,0,1,0,0,0,0,0,0,0,0,0
岡山圓環,110-04,110,4,0,0,0,0,0,0,0,1,6,1,0,0,0,0,0,0,1,0,0,0,0,0,0,0,0
岡山圓環,110-05,110,5,0,0,0,0,0,0,0,1,6,1,0,0,0,0,0,0,0,1,0,0,0,0,0,0,0
岡山圓環,110-06,110,6,0,0,0,0,0,0,0,1,6,1,0,0,0,0,0,0,0,0,1,0,0,0,0,0,0
岡山圓環,110-07,110,7,2,2,2,2,0,0,0,1,6,1,0,0,0,0,0,0,0,0,0,1,0,0,0,0,0
岡山圓環,110-08,110,8,1,0,0,0,1,1,0,1,6,1,0,0,0,0,0,0,0,0,0,0,1,0,0,0,0
岡山圓環,110-09,110,9,0,0,0,0,0,0,0,1,6,1,0,0,0,0,0,0,0,0,0,0,0,1,0,0,0
岡山圓環,110-10,110,10,0,0,0,0,0,0,0,1,6,1,0,0,0,0,0,0,0,0,0,0,0,0,1,0,0
岡山圓環,110-11,110,11,0,0,0,0,0,0,0,1,6,1,0,0,0,0,0,0,0,0,0,0,0,0,0,1,0
岡山圓環,110-12,110,12,1,1,0,1,0,0,0,1,6,1,0,0,0,0,0,0,0,0,0,0,0,0,0,0,1
岡山圓環,111-01,111,1,0,0,0,0,0,0,0,1,6,0,1,0,0,0,0,0,0,0,0,0,0,0,0,0,0
岡山圓環,111-02,111,2,1,1,0,1,1,1,0,1,6,0,1,0,0,0,1,0,0,0,0,0,0,0,0,0,0
岡山圓環,111-03,111,3,1,1,1,1,0,0,0,1,6,0,1,0,0,0,0,1,0,0,0,0,0,0,0,0,0
岡山圓環,111-04,111,4,2,2,1,2,1,1,0,1,6,0,1,0,0,0,0,0,1,0,0,0,0,0,0,0,0
岡山圓環,111-05,111,5,0,0,0,0,0,0,0,1,6,0,1,0,0,0,0,0,0,1,0,0,0,0,0,0,0
岡山圓環,111-06,111,6,1,1,0,1,1,1,0,1,6,0,1,0,0,0,0,0,0,0,1,0,0,0,0,0,0
岡山圓環,111-07,111,7,0,0,0,0,0,0,0,1,6,0,1,0,0,0,0,0,0,0,0,1,0,0,0,0,0
岡山圓環,111-08,111,8,0,0,0,0,0,0,0,1,6,0,1,0,0,0,0,0,0,0,0,0,1,0,0,0,0
岡山圓環,111-09,111,9,0,0,0,0,0,0,0,1,6,0,1,0,0,0,0,0,0,0,0,0,0,1,0,0,0
岡山圓環,111-10,111,10,1,1,0,1,1,1,0,1,6,0,1,0,0,0,0,0,0,0,0,0,0,0,1,0,0
岡山圓環,111-11,111,11,0,0,0,0,0,0,0,1,6,0,1,0,0,0,0,0,0,0,0,0,0,0,0,1,0
岡山圓環,111-12,111,12,0,0,0,0,0,0,0,1,6,0,1,0,0,0,0,0,0,0,0,0,0,0,0,0,1
岡山圓環,112-01,112,1,1,1,1,1,0,0,0,1,6,0,0,1,0,0,0,0,0,0,0,0,0,0,0,0,0
岡山圓環,112-02,112,2,0,0,0,0,0,0,0,1,6,0,0,1,0,0,1,0,0,0,0,0,0,0,0,0,0
岡山圓環,112-03,112,3,1,1,1,1,0,0,0,1,6,0,0,1,0,0,0,1,0,0,0,0,0,0,0,0,0
岡山圓環,112-04,112,4,0,0,0,0,0,0,0,1,6,0,0,1,0,0,0,0,1,0,0,0,0,0,0,0,0
岡山圓環,112-05,112,5,0,0,0,0,0,0,0,1,6,0,0,1,0,0,0,0,0,1,0,0,0,0,0,0,0
岡山圓環,112-06,112,6,1,1,0,1,1,1,0,1,6,0,0,1,0,0,0,0,0,0,1,0,0,0,0,0,0
岡山圓環,112-07,112,7,0,0,0,0,0,0,0,1,6,0,0,1,0,0,0,0,0,0,0,1,0,0,0,0,0
岡山圓環,112-08,112,8,0,0,0,0,0,0,0,1,6,0,0,1,0,0,0,0,0,0,0,0,1,0,0,0,0
岡山圓環,112-09,112,9,1,1,0,1,0,0,0,1,6,0,0,1,0,0,0,0,0,0,0,0,0,1,0,0,0
岡山圓環,112-10,112,10,0,0,0,0,0,0,0,1,6,0,0,1,0,0,0,0,0,0,0,0,0,0,1,0,0
岡山圓環,112-11,112,11,0,0,0,0,0,0,0,1,6,0,0,1,0,0,0,0,0,0,0,0,0,0,0,1,0
岡山圓環,112-12,112,12,1,1,0,1,0,0,0,1,6,0,0,1,0,0,0,0,0,0,0,0,0,0,0,0,1
岡山圓環,113-01,113,1,0,0,0,0,0,0,0,1,6,0,0,0,1,0,0,0,0,0,0,0,0,0,0,0,0
岡山圓環,113-02,113,2,1,1,0,1,0,0,0,1,6,0,0,0,1,0,1,0,0,0,0,0,0,0,0,0,0
岡山圓環,113-03,113,3,0,0,0,0,0,0,0,1,6,0,0,0,1,0,0,1,0,0,0,0,0,0,0,0,0
岡山圓環,113-04,113,4,0,0,0,0,0,0,0,1,6,0,0,0,1,0,0,0,1,0,0,0,0,0,0,0,0
岡山圓環,113-05,113,5,0,0,0,0,0,0,0,1,6,0,0,0,1,0,0,0,0,1,0,0,0,0,0,0,0
岡山圓環,113-06,113,6,0,0,0,0,0,0,0,1,6,0,0,0,1,0,0,0,0,0,1,0,0,0,0,0,0
岡山圓環,113-07,113,7,0,0,0,0,0,0,0,1,6,0,0,0,1,0,0,0,0,0,0,1,0,0,0,0,0
岡山圓環,113-08,113,8,0,0,0,0,0,0,0,1,6,0,0,0,1,0,0,0,0,0,0,0,1,0,0,0,0
岡山圓環,113-09,113,9,1,1,1,1,0,0,0,1,6,0,0,0,1,0,0,0,0,0,0,0,0,1,0,0,0
岡山圓環,113-10,113,10,0,0,0,0,0,0,0,1,6,0,0,0,1,0,0,0,0,0,0,0,0,0,1,0,0
岡山圓環,114-03,114,3,1,1,1,1,0,0,1,1,6,0,0,0,0,1,0,1,0,0,0,0,0,0,0,0,0
岡山圓環,114-04,114,4,0,0,0,0,0,0,1,1,6,0,0,0,0,1,0,0,1,0,0,0,0,0,0,0,0
岡山圓環,114-05,114,5,1,1,1,1,0,0,1,1,6,0,0,0,0,1,0,0,0,1,0,0,0,0,0,0,0
岡山圓環,114-06,114,6,0,0,0,0,0,0,1,1,6,0,0,0,0,1,0,0,0,0,1,0,0,0,0,0,0
岡山圓環,114-07,114,7,0,0,0,0,0,0,1,1,6,0,0,0,0,1,0,0,0,0,0,1,0,0,0,0,0
岡山圓環,114-08,114,8,0,0,0,0,0,0,1,1,6,0,0,0,0,1,0,0,0,0,0,0,1,0,0,0,0
岡山圓環,114-09,114,9,0,0,0,0,0,0,1,1,6,0,0,0,0,1,0,0,0,0,0,0,0,1,0,0,0
岡山圓環,114-10,114,10,0,0,0,0,0,0,1,1,6,0,0,0,0,1,0,0,0,0,0,0,0,0,1,0,0
岡山圓環,114-11,114,11,0,0,0,0,0,0,1,1,6,0,0,0,0,1,0,0,0,0,0,0,0,0,0,1,0
岡山圓環,114-12,114,12,0,0,0,0,0,0,1,1,6,0,0,0,0,1,0,0,0,0,0,0,0,0,0,0,1
Dacun_ctrl_4,109-01,109,1,2,2,0,2,2,2,0,0,7,0,0,0,0,0,0,0,0,0,0,0,0,0,0,0,0
Dacun_ctrl_4,109-02,109,2,0,0,0,0,0,0,0,0,7,0,0,0,0,0,1,0,0,0,0,0,0,0,0,0,0
Dacun_ctrl_4,109-03,109,3,0,0,0,0,0,0,0,0,7,0,0,0,0,0,0,1,0,0,0,0,0,0,0,0,0
Dacun_ctrl_4,109-04,109,4,0,0,0,0,0,0,0,0,7,0,0,0,0,0,0,0,1,0,0,0,0,0,0,0,0
Dacun_ctrl_4,109-05,109,5,0,0,0,0,0,0,0,0,7,0,0,0,0,0,0,0,0,1,0,0,0,0,0,0,0
Dacun_ctrl_4,109-06,109,6,0,0,0,0,0,0,0,0,7,0,0,0,0,0,0,0,0,0,1,0,0,0,0,0,0
Dacun_ctrl_4,109-07,109,7,0,0,0,0,0,0,0,0,7,0,0,0,0,0,0,0,0,0,0,1,0,0,0,0,0
Dacun_ctrl_4,109-08,109,8,0,0,0,0,0,0,0,0,7,0,0,0,0,0,0,0,0,0,0,0,1,0,0,0,0
Dacun_ctrl_4,109-09,109,9,0,0,0,0,0,0,0,0,7,0,0,0,0,0,0,0,0,0,0,0,0,1,0,0,0
Dacun_ctrl_4,109-10,109,10,1,1,0,1,1,1,0,0,7,0,0,0,0,0,0,0,0,0,0,0,0,0,1,0,0
Dacun_ctrl_4,109-11,109,11,0,0,0,0,0,0,0,0,7,0,0,0,0,0,0,0,0,0,0,0,0,0,0,1,0
Dacun_ctrl_4,109-12,109,12,1,1,0,1,0,0,0,0,7,0,0,0,0,0,0,0,0,0,0,0,0,0,0,0,1
Dacun_ctrl_4,110-01,110,1,1,1,0,1,0,0,0,0,7,1,0,0,0,0,0,0,0,0,0,0,0,0,0,0,0
Dacun_ctrl_4,110-02,110,2,0,0,0,0,0,0,0,0,7,1,0,0,0,0,1,0,0,0,0,0,0,0,0,0,0
Dacun_ctrl_4,110-03,110,3,0,0,0,0,0,0,0,0,7,1,0,0,0,0,0,1,0,0,0,0,0,0,0,0,0
Dacun_ctrl_4,110-04,110,4,2,1,0,1,2,2,0,0,7,1,0,0,0,0,0,0,1,0,0,0,0,0,0,0,0
Dacun_ctrl_4,110-05,110,5,0,0,0,0,0,0,0,0,7,1,0,0,0,0,0,0,0,1,0,0,0,0,0,0,0
Dacun_ctrl_4,110-06,110,6,0,0,0,0,0,0,0,0,7,1,0,0,0,0,0,0,0,0,1,0,0,0,0,0,0
Dacun_ctrl_4,110-07,110,7,0,0,0,0,0,0,0,0,7,1,0,0,0,0,0,0,0,0,0,1,0,0,0,0,0
Dacun_ctrl_4,110-08,110,8,0,0,0,0,0,0,0,0,7,1,0,0,0,0,0,0,0,0,0,0,1,0,0,0,0
Dacun_ctrl_4,110-09,110,9,0,0,0,0,0,0,0,0,7,1,0,0,0,0,0,0,0,0,0,0,0,1,0,0,0
Dacun_ctrl_4,110-10,110,10,1,1,0,1,1,1,0,0,7,1,0,0,0,0,0,0,0,0,0,0,0,0,1,0,0
Dacun_ctrl_4,110-11,110,11,0,0,0,0,0,0,0,0,7,1,0,0,0,0,0,0,0,0,0,0,0,0,0,1,0
Dacun_ctrl_4,110-12,110,12,0,0,0,0,0,0,0,0,7,1,0,0,0,0,0,0,0,0,0,0,0,0,0,0,1
Dacun_ctrl_4,111-01,111,1,0,0,0,0,0,0,0,0,7,0,1,0,0,0,0,0,0,0,0,0,0,0,0,0,0
Dacun_ctrl_4,111-02,111,2,1,1,0,1,1,1,0,0,7,0,1,0,0,0,1,0,0,0,0,0,0,0,0,0,0
Dacun_ctrl_4,111-03,111,3,0,0,0,0,0,0,0,0,7,0,1,0,0,0,0,1,0,0,0,0,0,0,0,0,0
Dacun_ctrl_4,111-04,111,4,0,0,0,0,0,0,0,0,7,0,1,0,0,0,0,0,1,0,0,0,0,0,0,0,0
Dacun_ctrl_4,111-05,111,5,0,0,0,0,0,0,0,0,7,0,1,0,0,0,0,0,0,1,0,0,0,0,0,0,0
Dacun_ctrl_4,111-06,111,6,0,0,0,0,0,0,0,0,7,0,1,0,0,0,0,0,0,0,1,0,0,0,0,0,0
Dacun_ctrl_4,111-07,111,7,0,0,0,0,0,0,0,0,7,0,1,0,0,0,0,0,0,0,0,1,0,0,0,0,0
Dacun_ctrl_4,111-08,111,8,0,0,0,0,0,0,0,0,7,0,1,0,0,0,0,0,0,0,0,0,1,0,0,0,0
Dacun_ctrl_4,111-09,111,9,0,0,0,0,0,0,0,0,7,0,1,0,0,0,0,0,0,0,0,0,0,1,0,0,0
Dacun_ctrl_4,111-10,111,10,0,0,0,0,0,0,0,0,7,0,1,0,0,0,0,0,0,0,0,0,0,0,1,0,0
Dacun_ctrl_4,111-11,111,11,0,0,0,0,0,0,0,0,7,0,1,0,0,0,0,0,0,0,0,0,0,0,0,1,0
Dacun_ctrl_4,111-12,111,12,1,1,0,1,1,1,0,0,7,0,1,0,0,0,0,0,0,0,0,0,0,0,0,0,1
Dacun_ctrl_4,112-01,112,1,0,0,0,0,0,0,0,0,7,0,0,1,0,0,0,0,0,0,0,0,0,0,0,0,0
Dacun_ctrl_4,112-02,112,2,0,0,0,0,0,0,0,0,7,0,0,1,0,0,1,0,0,0,0,0,0,0,0,0,0
Dacun_ctrl_4,112-03,112,3,1,1,0,1,1,1,0,0,7,0,0,1,0,0,0,1,0,0,0,0,0,0,0,0,0
Dacun_ctrl_4,112-04,112,4,0,0,0,0,0,0,0,0,7,0,0,1,0,0,0,0,1,0,0,0,0,0,0,0,0
Dacun_ctrl_4,112-05,112,5,0,0,0,0,0,0,0,0,7,0,0,1,0,0,0,0,0,1,0,0,0,0,0,0,0
Dacun_ctrl_4,112-06,112,6,0,0,0,0,0,0,0,0,7,0,0,1,0,0,0,0,0,0,1,0,0,0,0,0,0
Dacun_ctrl_4,112-07,112,7,1,1,0,1,1,1,0,0,7,0,0,1,0,0,0,0,0,0,0,1,0,0,0,0,0
Dacun_ctrl_4,112-08,112,8,0,0,0,0,0,0,0,0,7,0,0,1,0,0,0,0,0,0,0,0,1,0,0,0,0
Dacun_ctrl_4,112-09,112,9,0,0,0,0,0,0,0,0,7,0,0,1,0,0,0,0,0,0,0,0,0,1,0,0,0
Dacun_ctrl_4,112-10,112,10,1,0,0,0,1,1,0,0,7,0,0,1,0,0,0,0,0,0,0,0,0,0,1,0,0
Dacun_ctrl_4,112-11,112,11,0,0,0,0,0,0,0,0,7,0,0,1,0,0,0,0,0,0,0,0,0,0,0,1,0
Dacun_ctrl_4,112-12,112,12,0,0,0,0,0,0,0,0,7,0,0,1,0,0,0,0,0,0,0,0,0,0,0,0,1
Dacun_ctrl_4,113-01,113,1,1,1,1,1,0,0,0,0,7,0,0,0,1,0,0,0,0,0,0,0,0,0,0,0,0
Dacun_ctrl_4,113-02,113,2,0,0,0,0,0,0,0,0,7,0,0,0,1,0,1,0,0,0,0,0,0,0,0,0,0
Dacun_ctrl_4,113-03,113,3,0,0,0,0,0,0,0,0,7,0,0,0,1,0,0,1,0,0,0,0,0,0,0,0,0
Dacun_ctrl_4,113-04,113,4,0,0,0,0,0,0,0,0,7,0,0,0,1,0,0,0,1,0,0,0,0,0,0,0,0
Dacun_ctrl_4,113-05,113,5,0,0,0,0,0,0,0,0,7,0,0,0,1,0,0,0,0,1,0,0,0,0,0,0,0
Dacun_ctrl_4,113-06,113,6,1,1,0,1,1,1,0,0,7,0,0,0,1,0,0,0,0,0,1,0,0,0,0,0,0
Dacun_ctrl_4,113-07,113,7,0,0,0,0,0,0,0,0,7,0,0,0,1,0,0,0,0,0,0,1,0,0,0,0,0
Dacun_ctrl_4,113-08,113,8,0,0,0,0,0,0,0,0,7,0,0,0,1,0,0,0,0,0,0,0,1,0,0,0,0
Dacun_ctrl_4,113-09,113,9,0,0,0,0,0,0,0,0,7,0,0,0,1,0,0,0,0,0,0,0,0,1,0,0,0
Dacun_ctrl_4,113-10,113,10,0,0,0,0,0,0,0,0,7,0,0,0,1,0,0,0,0,0,0,0,0,0,1,0,0
Dacun_ctrl_4,113-11,113,11,0,0,0,0,0,0,0,0,7,0,0,0,1,0,0,0,0,0,0,0,0,0,0,1,0
Dacun_ctrl_4,113-12,113,12,1,1,0,1,0,0,0,0,7,0,0,0,1,0,0,0,0,0,0,0,0,0,0,0,1
Dacun_ctrl_4,114-01,114,1,0,0,0,0,0,0,0,0,7,0,0,0,0,1,0,0,0,0,0,0,0,0,0,0,0
Dacun_ctrl_4,114-02,114,2,0,0,0,0,0,0,0,0,7,0,0,0,0,1,1,0,0,0,0,0,0,0,0,0,0
Dacun_ctrl_4,114-03,114,3,0,0,0,0,0,0,0,0,7,0,0,0,0,1,0,1,0,0,0,0,0,0,0,0,0
Dacun_ctrl_4,114-04,114,4,0,0,0,0,0,0,0,0,7,0,0,0,0,1,0,0,1,0,0,0,0,0,0,0,0
Dacun_ctrl_4,114-05,114,5,0,0,0,0,0,0,0,0,7,0,0,0,0,1,0,0,0,1,0,0,0,0,0,0,0
Dacun_ctrl_4,114-06,114,6,0,0,0,0,0,0,0,0,7,0,0,0,0,1,0,0,0,0,1,0,0,0,0,0,0
Dacun_ctrl_4,114-07,114,7,0,0,0,0,0,0,0,0,7,0,0,0,0,1,0,0,0,0,0,1,0,0,0,0,0
Dacun_ctrl_4,114-08,114,8,0,0,0,0,0,0,0,0,7,0,0,0,0,1,0,0,0,0,0,0,1,0,0,0,0
Dacun_ctrl_4,114-09,114,9,0,0,0,0,0,0,0,0,7,0,0,0,0,1,0,0,0,0,0,0,0,1,0,0,0
Dacun_ctrl_4,114-10,114,10,0,0,0,0,0,0,0,0,7,0,0,0,0,1,0,0,0,0,0,0,0,0,1,0,0
Dacun_ctrl_4,114-11,114,11,0,0,0,0,0,0,0,0,7,0,0,0,0,1,0,0,0,0,0,0,0,0,0,1,0
Dacun_ctrl_4,114-12,114,12,0,0,0,0,0,0,0,0,7,0,0,0,0,1,0,0,0,0,0,0,0,0,0,0,1
大村圓環,109-01,109,1,0,0,0,0,0,0,0,1,7,0,0,0,0,0,0,0,0,0,0,0,0,0,0,0,0
大村圓環,109-02,109,2,0,0,0,0,0,0,0,1,7,0,0,0,0,0,1,0,0,0,0,0,0,0,0,0,0
大村圓環,109-03,109,3,0,0,0,0,0,0,0,1,7,0,0,0,0,0,0,1,0,0,0,0,0,0,0,0,0
大村圓環,109-04,109,4,0,0,0,0,0,0,0,1,7,0,0,0,0,0,0,0,1,0,0,0,0,0,0,0,0
大村圓環,109-05,109,5,0,0,0,0,0,0,0,1,7,0,0,0,0,0,0,0,0,1,0,0,0,0,0,0,0
大村圓環,109-06,109,6,0,0,0,0,0,0,0,1,7,0,0,0,0,0,0,0,0,0,1,0,0,0,0,0,0
大村圓環,109-07,109,7,1,1,1,1,0,0,0,1,7,0,0,0,0,0,0,0,0,0,0,1,0,0,0,0,0
大村圓環,109-08,109,8,0,0,0,0,0,0,0,1,7,0,0,0,0,0,0,0,0,0,0,0,1,0,0,0,0
大村圓環,109-09,109,9,0,0,0,0,0,0,0,1,7,0,0,0,0,0,0,0,0,0,0,0,0,1,0,0,0
大村圓環,109-10,109,10,0,0,0,0,0,0,0,1,7,0,0,0,0,0,0,0,0,0,0,0,0,0,1,0,0
大村圓環,109-11,109,11,1,1,0,1,1,1,0,1,7,0,0,0,0,0,0,0,0,0,0,0,0,0,0,1,0
大村圓環,109-12,109,12,0,0,0,0,0,0,0,1,7,0,0,0,0,0,0,0,0,0,0,0,0,0,0,0,1
大村圓環,110-01,110,1,2,2,0,2,2,2,0,1,7,1,0,0,0,0,0,0,0,0,0,0,0,0,0,0,0
大村圓環,110-02,110,2,0,0,0,0,0,0,0,1,7,1,0,0,0,0,1,0,0,0,0,0,0,0,0,0,0
大村圓環,110-03,110,3,1,1,1,1,0,0,0,1,7,1,0,0,0,0,0,1,0,0,0,0,0,0,0,0,0
大村圓環,110-04,110,4,0,0,0,0,0,0,0,1,7,1,0,0,0,0,0,0,1,0,0,0,0,0,0,0,0
大村圓環,110-05,110,5,0,0,0,0,0,0,0,1,7,1,0,0,0,0,0,0,0,1,0,0,0,0,0,0,0
大村圓環,110-06,110,6,0,0,0,0,0,0,0,1,7,1,0,0,0,0,0,0,0,0,1,0,0,0,0,0,0
大村圓環,110-07,110,7,0,0,0,0,0,0,0,1,7,1,0,0,0,0,0,0,0,0,0,1,0,0,0,0,0
大村圓環,110-08,110,8,0,0,0,0,0,0,0,1,7,1,0,0,0,0,0,0,0,0,0,0,1,0,0,0,0
大村圓環,110-09,110,9,0,0,0,0,0,0,0,1,7,1,0,0,0,0,0,0,0,0,0,0,0,1,0,0,0
大村圓環,110-10,110,10,0,0,0,0,0,0,0,1,7,1,0,0,0,0,0,0,0,0,0,0,0,0,1,0,0
大村圓環,110-11,110,11,0,0,0,0,0,0,0,1,7,1,0,0,0,0,0,0,0,0,0,0,0,0,0,1,0
大村圓環,110-12,110,12,0,0,0,0,0,0,0,1,7,1,0,0,0,0,0,0,0,0,0,0,0,0,0,0,1
大村圓環,111-01,111,1,1,1,1,1,0,0,0,1,7,0,1,0,0,0,0,0,0,0,0,0,0,0,0,0,0
大村圓環,111-02,111,2,0,0,0,0,0,0,0,1,7,0,1,0,0,0,1,0,0,0,0,0,0,0,0,0,0
大村圓環,111-03,111,3,0,0,0,0,0,0,0,1,7,0,1,0,0,0,0,1,0,0,0,0,0,0,0,0,0
大村圓環,111-04,111,4,0,0,0,0,0,0,0,1,7,0,1,0,0,0,0,0,1,0,0,0,0,0,0,0,0
大村圓環,111-05,111,5,0,0,0,0,0,0,0,1,7,0,1,0,0,0,0,0,0,1,0,0,0,0,0,0,0
大村圓環,111-06,111,6,0,0,0,0,0,0,0,1,7,0,1,0,0,0,0,0,0,0,1,0,0,0,0,0,0
大村圓環,111-07,111,7,0,0,0,0,0,0,0,1,7,0,1,0,0,0,0,0,0,0,0,1,0,0,0,0,0
大村圓環,111-08,111,8,1,1,0,1,1,1,0,1,7,0,1,0,0,0,0,0,0,0,0,0,1,0,0,0,0
大村圓環,111-09,111,9,0,0,0,0,0,0,0,1,7,0,1,0,0,0,0,0,0,0,0,0,0,1,0,0,0
大村圓環,111-10,111,10,0,0,0,0,0,0,0,1,7,0,1,0,0,0,0,0,0,0,0,0,0,0,1,0,0
大村圓環,111-11,111,11,0,0,0,0,0,0,0,1,7,0,1,0,0,0,0,0,0,0,0,0,0,0,0,1,0
大村圓環,111-12,111,12,1,1,1,1,0,0,0,1,7,0,1,0,0,0,0,0,0,0,0,0,0,0,0,0,1
大村圓環,112-01,112,1,0,0,0,0,0,0,0,1,7,0,0,1,0,0,0,0,0,0,0,0,0,0,0,0,0
大村圓環,112-02,112,2,0,0,0,0,0,0,0,1,7,0,0,1,0,0,1,0,0,0,0,0,0,0,0,0,0
大村圓環,112-03,112,3,0,0,0,0,0,0,0,1,7,0,0,1,0,0,0,1,0,0,0,0,0,0,0,0,0
大村圓環,112-04,112,4,0,0,0,0,0,0,0,1,7,0,0,1,0,0,0,0,1,0,0,0,0,0,0,0,0
大村圓環,112-05,112,5,0,0,0,0,0,0,0,1,7,0,0,1,0,0,0,0,0,1,0,0,0,0,0,0,0
大村圓環,112-06,112,6,0,0,0,0,0,0,0,1,7,0,0,1,0,0,0,0,0,0,1,0,0,0,0,0,0
大村圓環,112-07,112,7,0,0,0,0,0,0,0,1,7,0,0,1,0,0,0,0,0,0,0,1,0,0,0,0,0
大村圓環,112-08,112,8,0,0,0,0,0,0,0,1,7,0,0,1,0,0,0,0,0,0,0,0,1,0,0,0,0
大村圓環,112-09,112,9,1,0,0,0,0,0,0,1,7,0,0,1,0,0,0,0,0,0,0,0,0,1,0,0,0
大村圓環,112-10,112,10,0,0,0,0,0,0,0,1,7,0,0,1,0,0,0,0,0,0,0,0,0,0,1,0,0
大村圓環,112-11,112,11,0,0,0,0,0,0,0,1,7,0,0,1,0,0,0,0,0,0,0,0,0,0,0,1,0
大村圓環,112-12,112,12,0,0,0,0,0,0,0,1,7,0,0,1,0,0,0,0,0,0,0,0,0,0,0,0,1
大村圓環,113-01,113,1,0,0,0,0,0,0,0,1,7,0,0,0,1,0,0,0,0,0,0,0,0,0,0,0,0
大村圓環,113-02,113,2,0,0,0,0,0,0,0,1,7,0,0,0,1,0,1,0,0,0,0,0,0,0,0,0,0
大村圓環,113-03,113,3,0,0,0,0,0,0,0,1,7,0,0,0,1,0,0,1,0,0,0,0,0,0,0,0,0
大村圓環,113-04,113,4,0,0,0,0,0,0,0,1,7,0,0,0,1,0,0,0,1,0,0,0,0,0,0,0,0
大村圓環,113-05,113,5,0,0,0,0,0,0,0,1,7,0,0,0,1,0,0,0,0,1,0,0,0,0,0,0,0
大村圓環,113-06,113,6,0,0,0,0,0,0,0,1,7,0,0,0,1,0,0,0,0,0,1,0,0,0,0,0,0
大村圓環,113-07,113,7,0,0,0,0,0,0,0,1,7,0,0,0,1,0,0,0,0,0,0,1,0,0,0,0,0
大村圓環,113-08,113,8,0,0,0,0,0,0,0,1,7,0,0,0,1,0,0,0,0,0,0,0,1,0,0,0,0
大村圓環,113-09,113,9,0,0,0,0,0,0,0,1,7,0,0,0,1,0,0,0,0,0,0,0,0,1,0,0,0
大村圓環,113-10,113,10,0,0,0,0,0,0,0,1,7,0,0,0,1,0,0,0,0,0,0,0,0,0,1,0,0
大村圓環,113-11,113,11,0,0,0,0,0,0,0,1,7,0,0,0,1,0,0,0,0,0,0,0,0,0,0,1,0
大村圓環,113-12,113,12,0,0,0,0,0,0,0,1,7,0,0,0,1,0,0,0,0,0,0,0,0,0,0,0,1
大村圓環,114-01,114,1,0,0,0,0,0,0,0,1,7,0,0,0,0,1,0,0,0,0,0,0,0,0,0,0,0
大村圓環,114-05,114,5,1,1,1,1,0,0,1,1,7,0,0,0,0,1,0,0,0,1,0,0,0,0,0,0,0
大村圓環,114-06,114,6,0,0,0,0,0,0,1,1,7,0,0,0,0,1,0,0,0,0,1,0,0,0,0,0,0
大村圓環,114-07,114,7,0,0,0,0,0,0,1,1,7,0,0,0,0,1,0,0,0,0,0,1,0,0,0,0,0
大村圓環,114-08,114,8,0,0,0,0,0,0,1,1,7,0,0,0,0,1,0,0,0,0,0,0,1,0,0,0,0
大村圓環,114-09,114,9,1,1,0,1,0,0,1,1,7,0,0,0,0,1,0,0,0,0,0,0,0,1,0,0,0
大村圓環,114-10,114,10,0,0,0,0,0,0,1,1,7,0,0,0,0,1,0,0,0,0,0,0,0,0,1,0,0
大村圓環,114-11,114,11,0,0,0,0,0,0,1,1,7,0,0,0,0,1,0,0,0,0,0,0,0,0,0,1,0
大村圓環,114-12,114,12,0,0,0,0,0,0,1,1,7,0,0,0,0,1,0,0,0,0,0,0,0,0,0,0,1
